"","date","total_cases","new_cases","new_cases_smoothed","total_deaths","new_deaths","new_deaths_smoothed"
"1","2020-01-01",0,0,0,0,0,0
"2","2020-01-02",0,0,0,0,0,0
"3","2020-01-03",0,0,0,0,0,0
"4","2020-01-04",14,14,0,0,0,0
"5","2020-01-05",14,0,0,0,0,0
"6","2020-01-06",26,12,0,0,0,0
"7","2020-01-07",26,0,0,0,0,0
"8","2020-01-08",30,4,4.286,0,0,0
"9","2020-01-09",35,5,4.999,0,0,0
"10","2020-01-10",35,0,4.999,0,0,0
"11","2020-01-11",40,5,3.717,0,0,0
"12","2020-01-12",209,169,27.858,4,4,0.572
"13","2020-01-13",213,4,26.714,4,0,0.572
"14","2020-01-14",238,25,30.285,4,0,0.572
"15","2020-01-15",238,0,29.713,4,0,0.572
"16","2020-01-16",238,0,29,4,0,0.572
"17","2020-01-17",242,16,30.573,8,4,1.144
"18","2020-01-18",258,16,32.859,8,0,1.144
"19","2020-01-19",566,308,52.716,12,4,1.144
"20","2020-01-20",883,317,97.43,16,4,1.716
"21","2020-01-21",1255,372,147.001,24,8,2.856
"22","2020-01-22",1847,592,231.572,68,44,9.144
"23","2020-01-23",2372,537,307.572,72,4,9.716
"24","2020-01-24",3476,1104,463.715,104,32,13.716
"25","2020-01-25",5368,1892,731.715,168,64,22.856
"26","2020-01-26",8156,2800,1086.999,224,56,30.284
"27","2020-01-27",11316,3160,1492.141,328,104,44.572
"28","2020-01-28",18416,7116,2454.573,524,196,71.428
"29","2020-01-29",24344,5933,3217.858,532,8,66.284
"30","2020-01-30",31371,7027,4147.431,684,152,87.428
"31","2020-01-31",39442,8071,5142.716,852,168,106.856
"32","2020-02-01",47890,8464,6079.002,1040,188,124.572
"33","2020-02-02",58312,10434,7171.431,1452,412,175.428
"34","2020-02-03",69660,11348,8341.859,1708,256,197.144
"35","2020-02-04",82682,13022,9185.571,1976,268,207.43
"36","2020-02-05",98422,15756,10586.716,2264,288,247.43
"37","2020-02-06",113296,14874,11707.144,2544,280,265.716
"38","2020-02-07",125921,12641,12359.858,2884,340,290.287
"39","2020-02-08",139539,13618,13099.001,3232,348,313.144
"40","2020-02-09",150187,10660,13129.43,3632,400,311.428
"41","2020-02-10",162167,11980,13219.716,4060,428,336
"42","2020-02-11",172105,9938,12779.431,4460,400,354.856
"43","2020-02-12",180248,8143,11693.429,4480,20,316.572
"44","2020-02-13",240929,60681,18237.287,5492,1012,421.144
"45","2020-02-14",257216,16287,18758.141,6100,608,459.428
"46","2020-02-15",267852,10648,18332.713,6678,578,492.286
"47","2020-02-16",276001,8149,17975.142,7094,416,494.573
"48","2020-02-17",284238,8249,17440.428,7486,392,489.43
"49","2020-02-18",291884,7646,17112.999,8042,556,511.716
"50","2020-02-19",299085,7201,16979.002,8494,452,573.43
"51","2020-02-20",300782,1697,8552.715,8986,492,499.145
"52","2020-02-21",304764,3982,6794.859,8999,13,414.144
"53","2020-02-22",308994,4230,5879.146,9827,828,449.858
"54","2020-02-23",312961,3967,5281.716,9853,26,394.144
"55","2020-02-24",315076,2115,4405.431,10482,629,428
"56","2020-02-25",318305,3237,3775.574,10798,316,393.715
"57","2020-02-26",321687,3382,3230.005,11053,255,365.571
"58","2020-02-27",326188,4501,3630.574,11208,155,317.428
"59","2020-02-28",331253,5081,3786.575,11429,221,347.144
"60","2020-02-29",339137,7884,4308.433,11685,256,265.43
"61","2020-03-01",346398,7261,4778.434,11909,224,293.716
"62","2020-03-02",354436,8058,5627.432,12174,265,241.716
"63","2020-03-03",362120,7684,6262.146,12465,291,238.143
"64","2020-03-04",371281,9161,7088.148,12850,385,256.715
"65","2020-03-05",383296,12025,8163.006,13225,375,288.144
"66","2020-03-06",396476,13185,9322.007,13696,471,323.86
"67","2020-03-07",410915,14439,10257.866,14180,484,356.429
"68","2020-03-08",429670,18771,11900.432,14638,458,389.856
"69","2020-03-09",449877,20223,13637.286,15598,960,489.146
"70","2020-03-10",473002,23129,15842.865,16584,986,588.429
"71","2020-03-11",497827,24837,18082.716,17900,1316,721.43
"72","2020-03-12",535602,37775,21765.58,19534,1634,901.292
"73","2020-03-13",582809,47207,26625.862,21268,1734,1081.716
"74","2020-03-14",636116,53323,32178.58,23542,2274,1337.432
"75","2020-03-15",698091,61975,38351.289,25599,2057,1565.86
"76","2020-03-16",759540,61449,44239.576,28996,3397,1914.003
"77","2020-03-17",835138,75598,51733.72,32573,3577,2284.148
"78","2020-03-18",925288,90150,61068.144,36798,4225,2699.72
"79","2020-03-19",1038032,112898,71795.434,42110,5312,3225.146
"80","2020-03-20",1170924,132896,84041.147,48158,6048,3841.432
"81","2020-03-21",1322967,152043,98144.156,55731,7573,4598.434
"82","2020-03-22",1488164,165197,112890.148,65241,9510,5663.147
"83","2020-03-23",1638293,150141,125560.432,74454,9213,6494.008
"84","2020-03-24",1819271,180978,140614.722,84641,10187,7438.291
"85","2020-03-25",2031387,212116,158038.434,97403,12762,8657.866
"86","2020-03-26",2264243,232856,175175.297,110842,13439,9818.865
"87","2020-03-27",2534528,270285,194802.284,126619,15777,11208.719
"88","2020-03-28",2832087,297559,215590.288,144672,18053,12705.86
"89","2020-03-29",3129128,297045,234425.714,163780,19108,14077.006
"90","2020-03-30",3384439,255311,249450.004,181784,18004,15332.863
"91","2020-03-31",3661734,277827,263203.424,202637,20853,16856.582
"92","2020-04-01",3966467,304733,276516.575,225851,23214,18349.723
"93","2020-04-02",4291421,324954,289673.431,250392,24541,19935.724
"94","2020-04-03",4626551,335130,298937.01,276755,26363,21448.007
"95","2020-04-04",4982805,356254,307322.005,311684,34929,23858.866
"96","2020-04-05",5329423,346618,314403.864,341081,29397,25328.719
"97","2020-04-06",5631557,302134,321092.862,367689,26608,26557.866
"98","2020-04-07",5920600,289043,322695.147,398554,30865,27988.153
"99","2020-04-08",6254954,334354,326926.714,432637,34107,29543.723
"100","2020-04-09",6602072,347118,330093.009,464139,31502,30538.719
"101","2020-04-10",6976826,374754,335753.574,501198,37059,32066.721
"102","2020-04-11",7350091,373265,338183.718,534787,33589,31875.292
"103","2020-04-12",7702837,352746,339059.158,567209,32422,32307.432
"104","2020-04-13",8012517,309680,340137.145,597748,30539,32869.014
"105","2020-04-14",8291004,278487,338629.151,626818,29070,32612.583
"106","2020-04-15",8593105,302217,334024.287,658302,31484,32237.864
"107","2020-04-16",8910788,317683,329833.142,695499,37197,33051.434
"108","2020-04-17",9247007,336219,324328.14,730170,34671,32710.293
"109","2020-04-18",9596923,349916,320992.568,768630,38460,33406.148
"110","2020-04-19",9944393,347470,320238.861,799801,31171,33227.435
"111","2020-04-20",10243887,299494,318783.719,826419,26618,32667.29
"112","2020-04-21",10541206,297319,321474,854062,27643,32463.438
"113","2020-04-22",10855987,314781,323268.864,883273,29211,32138.718
"114","2020-04-23",11175458,319471,323524.285,914125,30856,31232.285
"115","2020-04-24",11514191,338733,323883.434,943181,29056,30430.722
"116","2020-04-25",11915808,401617,331269.286,970695,27514,28867.005
"117","2020-04-26",12260547,344739,330879.147,998116,27421,28331.295
"118","2020-04-27",12587923,327376,334862.287,1022009,23893,27942.001
"119","2020-04-28",12875301,287378,333442.147,1045502,23502,27350.15
"120","2020-04-29",13167831,292530,330263.42,1070009,24507,26678.436
"121","2020-04-30",13486540,318709,330154.575,1097123,27114,26143.869
"122","2020-05-01",13821815,335275,329660.569,1124215,27092,25863.29
"123","2020-05-02",14183430,361615,323946.004,1150287,26072,25657.289
"124","2020-05-03",14543069,359639,326074.578,1176848,26561,25534.435
"125","2020-05-04",14866649,323580,325532.285,1198872,22028,25267.584
"126","2020-05-05",15185715,319066,330059.149,1220094,21222,24942.294
"127","2020-05-06",15500463,314748,333233.144,1241669,21575,24523.435
"128","2020-05-07",15842293,351674,336913.005,1269272,27603,24593.294
"129","2020-05-08",16207152,364859,342168.714,1295546,26274,24476.433
"130","2020-05-09",16576332,375100,343177.577,1321041,25495,24393.997
"131","2020-05-10",16947934,371602,345011.574,1343351,22310,23786.722
"132","2020-05-11",17298383,350449,349076.58,1365636,22285,23823.438
"133","2020-05-12",17596604,298421,346462.002,1385106,19470,23573.148
"134","2020-05-13",17923073,326469,348006.428,1404935,19829,23323.725
"135","2020-05-14",18275392,352399,347981.864,1427195,22260,22560.435
"136","2020-05-15",18625867,350515,346174.43,1449857,22666,22045.006
"137","2020-05-16",19039471,413604,351922.712,1474022,24165,21855.01
"138","2020-05-17",19436223,396752,355515.576,1496435,22413,21869.718
"139","2020-05-18",19825008,388785,360992.143,1516396,19961,21537.717
"140","2020-05-19",20146766,321758,364326.004,1533868,17472,21252.29
"141","2020-05-20",20525536,378770,371797.573,1552752,18884,21117.29
"142","2020-05-21",20944916,419380,381366.284,1574712,21960,21074.436
"143","2020-05-22",21382972,438056,393872.139,1596062,21350,20886.432
"144","2020-05-23",21810786,427814,395902.144,1617040,20978,20431.145
"145","2020-05-24",22256026,445240,402829.001,1639685,22645,20464.293
"146","2020-05-25",22649984,393958,403568.006,1657395,17710,20142.724
"147","2020-05-26",23029621,379637,411836.433,1674860,17465,20141.722
"148","2020-05-27",23394705,365084,409881.281,1692687,17827,19990.722
"149","2020-05-28",23795126,400421,407172.866,1712140,19453,19632.577
"150","2020-05-29",24229576,434450,406657.717,1733480,21340,19631.15
"151","2020-05-30",24710102,480526,414188.003,1755541,22061,19785.86
"152","2020-05-31",25197156,487054,420161.441,1775862,20321,19453.862
"153","2020-06-01",25708159,511003,436882.149,1795022,19160,19660.999
"154","2020-06-02",26147216,439057,445370.72,1812364,17342,19643.433
"155","2020-06-03",26546764,399548,450294.152,1830351,17987,19666.29
"156","2020-06-04",27046626,499862,464500.001,1852338,21987,20028.288
"157","2020-06-05",27559045,512419,475638.43,1874888,22550,20201.141
"158","2020-06-06",28069679,510638,479940.148,1897601,22713,20294.289
"159","2020-06-07",28600301,530622,486164.15,1917816,20215,20279.152
"160","2020-06-08",29108006,507705,485693.003,1938296,20480,20467.721
"161","2020-06-09",29551430,443424,486316.861,1955111,16815,20392.434
"162","2020-06-10",29992168,440738,492201.144,1974116,19005,20537.863
"163","2020-06-11",30524099,531931,496782.432,1996034,21918,20528.006
"164","2020-06-12",31089694,565595,504379.002,2018441,22407,20507.576
"165","2020-06-13",31659994,570300,512902.144,2040778,22337,20453.86
"166","2020-06-14",32241383,581389,520154.581,2060541,19763,20389.291
"167","2020-06-15",32773170,531787,523594.865,2079585,19044,20184.148
"168","2020-06-16",33252375,479205,528706.429,2097579,17997,20352.581
"169","2020-06-17",33754591,502216,537489.002,2122755,25176,21234.575
"170","2020-06-18",34491355,736764,566750.862,2145259,22504,21318.292
"171","2020-06-19",35090478,599123,571540.575,2168371,23112,21419.008
"172","2020-06-20",35666743,576265,572392.711,2190728,22357,21421.866
"173","2020-06-21",36405047,738304,594809.142,2212007,21279,21638.44
"174","2020-06-22",37031161,626114,608284.434,2232527,20520,21849.29
"175","2020-06-23",37552140,520979,614252.151,2249373,16846,21684.86
"176","2020-06-24",38126307,574167,624530.861,2266997,17624,20606.001
"177","2020-06-25",38824216,697909,618980.146,2289330,22333,20581.575
"178","2020-06-26",39546378,722162,636557.146,2310973,21643,20371.719
"179","2020-06-27",40294438,748064,661099.713,2339492,28519,21251.999
"180","2020-06-28",41079270,784832,667746.716,2360134,20642,21161.008
"181","2020-06-29",41797254,717984,680870.997,2380259,20125,21104.582
"182","2020-06-30",42436125,638871,697712.714,2398140,17881,21252.431
"183","2020-07-01",43116957,680832,712950.572,2418002,19862,21572.144
"184","2020-07-02",43864383,747426,720024.426,2439461,21459,21447.291
"185","2020-07-03",44715920,851537,738506.574,2461191,21730,21459.721
"186","2020-07-04",45575580,859660,754448.858,2483727,22536,20605.005
"187","2020-07-05",46440186,864606,765845.14,2506787,23060,20950.426
"188","2020-07-06",47212754,772568,773642.861,2527987,21200,21104.005
"189","2020-07-07",47888132,675378,778858.143,2547132,19145,21284.575
"190","2020-07-08",48601856,713724,783556.996,2567583,20451,21368.719
"191","2020-07-09",49469800,867944,800773.868,2591705,24122,21749.141
"192","2020-07-10",50384830,915030,809844.293,2615501,23796,22044.284
"193","2020-07-11",51282087,897257,815215.292,2640041,24540,22330.573
"194","2020-07-12",52232042,949955,827408.002,2663393,23352,22372.287
"195","2020-07-13",53115060,883018,843186.57,2686493,23100,22643.723
"196","2020-07-14",53896016,780956,858269.145,2707671,21178,22934.147
"197","2020-07-15",54685291,789275,869062.148,2729287,21616,23100.568
"198","2020-07-16",55626303,941012,879500.431,2754720,25433,23287.859
"199","2020-07-17",56617381,991078,890364.435,2781032,26312,23647.291
"200","2020-07-18",57619649,1002268,905366.006,2811453,30421,24487.43
"201","2020-07-19",58618365,998716,912331.853,2836421,24968,24718.288
"202","2020-07-20",59553511,935146,919778.718,2860629,24208,24876.577
"203","2020-07-21",60381807,828296,926541.571,2883189,22560,25074.008
"204","2020-07-22",61234607,852800,935616.573,2905907,22718,25231.433
"205","2020-07-23",62246246,1011639,945706.144,2936785,30878,26009.291
"206","2020-07-24",63425771,1179525,972627.151,2963351,26566,26045.581
"207","2020-07-25",64568081,1142310,992633.15,2990705,27354,25607.435
"208","2020-07-26",65680363,1112282,1008856.859,3017305,26600,25840.577
"209","2020-07-27",66706137,1025774,1021803.718,3042516,25211,25983.859
"210","2020-07-28",67579983,873846,1028310.859,3065092,22576,25986.147
"211","2020-07-29",68509344,929361,1039248.145,3089465,24373,26222.578
"212","2020-07-30",69574189,1064845,1046849.005,3115525,26060,25534.293
"213","2020-07-31",70795316,1221127,1052792.138,3144499,28974,25878.288
"214","2020-08-01",71973127,1177811,1057863.715,3171596,27097,25841.572
"215","2020-08-02",73140040,1166913,1065668.134,3198134,26538,25832.724
"216","2020-08-03",74179532,1039492,1067627.852,3224719,26585,26029.011
"217","2020-08-04",75085360,905828,1072196.72,3248058,23339,26138.006
"218","2020-08-05",75982159,896799,1067545,3272112,24054,26092.433
"219","2020-08-06",77092000,1109841,1073973.004,3299999,27887,26353.435
"220","2020-08-07",78275722,1183722,1068629.432,3328938,28939,26348.436
"221","2020-08-08",79417901,1142179,1063539.149,3356046,27108,26350.01
"222","2020-08-09",80596986,1179085,1065277.997,3382303,26257,26309.863
"223","2020-08-10",81664732,1067746,1069314.283,3408495,26192,26253.713
"224","2020-08-11",82561328,896596,1067995.419,3431202,22707,26163.43
"225","2020-08-12",83505322,943994,1074737.571,3453881,22679,25967.006
"226","2020-08-13",84704757,1199435,1087536.716,3481614,27733,25945
"227","2020-08-14",85887484,1182727,1087394.571,3509578,27964,25805.716
"228","2020-08-15",87093251,1205767,1096478.569,3536494,26916,25778.285
"229","2020-08-16",88263692,1170441,1095243.713,3562462,25968,25736.998
"230","2020-08-17",89300275,1036583,1090791.861,3586193,23731,25385.43
"231","2020-08-18",90211956,911681,1092946.863,3608350,22157,25306.859
"232","2020-08-19",91165635,953679,1094330.424,3631345,22995,25351.998
"233","2020-08-20",92324546,1158911,1088541.291,3657942,26597,25189.717
"234","2020-08-21",93500493,1175947,1087572.719,3685476,27534,25128.289
"235","2020-08-22",94633478,1132985,1077175.287,3710887,25411,24913.294
"236","2020-08-23",95714503,1081025,1064401.57,3734752,23865,24612.861
"237","2020-08-24",96785075,1070572,1069257.15,3758705,23953,24644.575
"238","2020-08-25",97703657,918582,1070242.998,3779951,21258,24515.998
"239","2020-08-26",98666859,963202,1071603.433,3802260,22309,24418.146
"240","2020-08-27",99854636,1187777,1075727.145,3828597,26337,24381
"241","2020-08-28",101041969,1187333,1077353.723,3854683,26086,24174.142
"242","2020-08-29",102202235,1160266,1081251.006,3878513,23830,23948.295
"243","2020-08-30",103388835,1186600,1096333.149,3902094,23621,23910.148
"244","2020-08-31",104517838,1129003,1104680.434,3925449,23355,23828.004
"245","2020-09-01",105451102,933264,1106777.858,3945305,19856,23627.726
"246","2020-09-02",106581759,1130657,1130699.996,3966432,21127,23458.863
"247","2020-09-03",107775164,1193405,1131503.991,3991929,25497,23338.865
"248","2020-09-04",108988794,1213630,1135260.722,4017348,25419,23243.576
"249","2020-09-05",110194469,1205675,1141747.719,4040757,23409,23183.428
"250","2020-09-06",111510316,1315847,1160211.579,4063596,22839,23071.722
"251","2020-09-07",112622104,1144832,1161844.721,4100429,36833,24997.148
"252","2020-09-08",113595870,973766,1168258.865,4127757,27328,26064.58
"253","2020-09-09",114599668,1003798,1150136.151,4147168,19411,25819.432
"254","2020-09-10",115742018,1142350,1142842.575,4168042,20874,25159.004
"255","2020-09-11",116976289,1234271,1145791.285,4192290,24248,24991.714
"256","2020-09-12",118228794,1252505,1152481.291,4216421,24131,25094.86
"257","2020-09-13",119551187,1322393,1153416.432,4238514,22093,24988.289
"258","2020-09-14",120748747,1197560,1160949.007,4260147,21633,22816.86
"259","2020-09-15",121803637,1054890,1172538.144,4281065,20918,21901.147
"260","2020-09-16",122938461,1134824,1191256.151,4301470,20405,22043.148
"261","2020-09-17",124235529,1297068,1213358.72,4325592,24122,22507.147
"262","2020-09-18",125553960,1318431,1225381.578,4350932,25340,22663.15
"263","2020-09-19",126837599,1283639,1229829.285,4374333,23401,22558.864
"264","2020-09-20",128204978,1367379,1236255.862,4396382,22049,22552.578
"265","2020-09-21",129414960,1209982,1238030.431,4417337,20955,22455.718
"266","2020-09-22",130462967,1048007,1237047.149,4436667,19330,22228.865
"267","2020-09-23",131612292,1149325,1239118.718,4457047,20380,22225.29
"268","2020-09-24",132961573,1349281,1246577.717,4479782,22735,22027.15
"269","2020-09-25",134262309,1300736,1244049.868,4503778,23996,21835.151
"270","2020-09-26",135548644,1286335,1244435.005,4527660,23882,21903.863
"271","2020-09-27",136880524,1331880,1239363.716,4549691,22031,21901.293
"272","2020-09-28",138087473,1206949,1238930.431,4571123,21432,21969.429
"273","2020-09-29",139133646,1046173,1238668.425,4590142,19019,21925.003
"274","2020-09-30",140316190,1182544,1243413.997,4610285,20143,21891.146
"275","2020-10-01",141684815,1368625,1246177.433,4634577,24292,22113.579
"276","2020-10-02",143052734,1367919,1255774.992,4658880,24303,22157.43
"277","2020-10-03",144378276,1325542,1261376.001,4681204,22324,21934.863
"278","2020-10-04",145764282,1386006,1269108.287,4702956,21752,21895.006
"279","2020-10-05",147049947,1285665,1280353.424,4723314,20358,21741.583
"280","2020-10-06",148176237,1126290,1291798.713,4743155,19841,21859.01
"281","2020-10-07",149510682,1334465,1313500.436,4763566,20411,21897.292
"282","2020-10-08",151086975,1576297,1343167.862,4787586,24020,21858.434
"283","2020-10-09",152585833,1498858,1361874.005,4812959,25373,22011.294
"284","2020-10-10",154090023,1504190,1387395.292,4836245,23286,22148.722
"285","2020-10-11",155717015,1626992,1421821.855,4858151,21906,22170.722
"286","2020-10-12",157142698,1425683,1441824.291,4878188,20037,22124.861
"287","2020-10-13",158449459,1306761,1467606.004,4898411,20223,22179.43
"288","2020-10-14",159942544,1493085,1490266.575,4918795,20384,22175.58
"289","2020-10-15",161589927,1647383,1500421.717,4940244,21449,21808.291
"290","2020-10-16",163290763,1700840,1529275.432,4964763,24519,21686.293
"291","2020-10-17",164962992,1672229,1553281.862,4989679,24916,21919.148
"292","2020-10-18",166844706,1881714,1589670.718,5014503,24824,22336.011
"293","2020-10-19",168485639,1640933,1620420.719,5036136,21633,22564.007
"294","2020-10-20",170012207,1526568,1651821.725,5058095,21959,22812.007
"295","2020-10-21",171918080,1905873,1710791.428,5082949,24854,23450.575
"296","2020-10-22",174024144,2106064,1776317.284,5109756,26807,24216
"297","2020-10-23",176077255,2053111,1826641.717,5138574,28818,24830.147
"298","2020-10-24",178079336,2002081,1873763.426,5166527,27953,25264.004
"299","2020-10-25",180367914,2288578,1931886.855,5192432,25905,25418.435
"300","2020-10-26",182370033,2002119,1983484.854,5217807,25378,25951.15
"301","2020-10-27",184164651,1794618,2021777.709,5242832,25025,26391.444
"302","2020-10-28",186376529,2211878,2065492.713,5272110,29278,27023.438
"303","2020-10-29",188792473,2415944,2109761.285,5302149,30039,27485.146
"304","2020-10-30",191107366,2314893,2147158.719,5334003,31854,27918.864
"305","2020-10-31",193384332,2276966,2186428,5367293,33290,28681.299
"306","2020-11-01",195888319,2503987,2217200.714,5397352,30059,29274.717
"307","2020-11-02",198027742,2139423,2236815.577,5426324,28972,29788.148
"308","2020-11-03",200217807,2190065,2293307.993,5456301,29977,30495.576
"309","2020-11-04",202527694,2309887,2307309.286,5492150,35849,31434.292
"310","2020-11-05",205039854,2512160,2321054.425,5528116,35966,32281.012
"311","2020-11-06",207564521,2524667,2351022.142,5568763,40647,33537.153
"312","2020-11-07",210051720,2487199,2381055.431,5610460,41697,34738.152
"313","2020-11-08",212661656,2609936,2396191.002,5645821,35361,35495.575
"314","2020-11-09",214938708,2277052,2415852.295,5677761,31940,35919.583
"315","2020-11-10",216868308,1929600,2378643.007,5713009,35248,36672.579
"316","2020-11-11",219337883,2469575,2401455.58,5755337,42328,37598.147
"317","2020-11-12",222010065,2672182,2424315.862,5797374,42037,38465.431
"318","2020-11-13",224726711,2716646,2451741.429,5839411,42037,38664.002
"319","2020-11-14",227392496,2665785,2477253.725,5884983,45572,39217.575
"320","2020-11-15",230057228,2664732,2485081.721,5923964,38981,39734.714
"321","2020-11-16",232388104,2330876,2492770.86,5963554,39590,40827.571
"322","2020-11-17",234470198,2082094,2514555.712,6001351,37797,41191.722
"323","2020-11-18",236848237,2378039,2501479.146,6046014,44663,41525.286
"324","2020-11-19",239534084,2685847,2503431.292,6093576,47562,42314.579
"325","2020-11-20",242245313,2711229,2502657.43,6141726,48150,43187.861
"326","2020-11-21",244921654,2676341,2504165.431,6194044,52318,44151.578
"327","2020-11-22",247600144,2678490,2506130.859,6238075,44271,44907.285
"328","2020-11-23",249871819,2271675,2497673.571,6278285,40210,44995.861
"329","2020-11-24",251939860,2068041,2495666.003,6322368,44083,45893.86
"330","2020-11-25",254298471,2358611,2492890.572,6371989,49621,46602.149
"331","2020-11-26",256883137,2584666,2478436.143,6420786,48797,46778.577
"332","2020-11-27",259679772,2796635,2490637.003,6472156,51370,47238.581
"333","2020-11-28",262164577,2484805,2463274.725,6523914,51758,47158.572
"334","2020-11-29",264649708,2485131,2435652.002,6566425,42511,46907.149
"335","2020-11-30",266836385,2186677,2423509.436,6605473,39048,46741.145
"336","2020-12-01",268889507,2053122,2421378.15,6648982,43509,46659.147
"337","2020-12-02",271222115,2332608,2417663.426,6697676,48694,46526.721
"338","2020-12-03",273958779,2736664,2439377.426,6749199,51523,46916.141
"339","2020-12-04",276776556,2817777,2442397.708,6804292,55093,47448
"340","2020-12-05",279581048,2804492,2488067.29,6859823,55531,47987.003
"341","2020-12-06",282327642,2746594,2525419.141,6906293,46470,48552.578
"342","2020-12-07",284699424,2371782,2551862.718,6948759,42466,49040.86
"343","2020-12-08",286901714,2202290,2573172.437,6991033,42274,48864.434
"344","2020-12-09",289384727,2483013,2594658.861,7043019,51986,49334.711
"345","2020-12-10",292248284,2863557,2612786.43,7093878,50859,49239.864
"346","2020-12-11",295115919,2867635,2619909.012,7152352,58474,49722.863
"347","2020-12-12",297913234,2797315,2618883.725,7207689,55337,49695.151
"348","2020-12-13",300812111,2898877,2640638.437,7258062,50373,50252.721
"349","2020-12-14",303255826,2443715,2650914.577,7302006,43944,50463.857
"350","2020-12-15",305474651,2218825,2653276.713,7347530,45524,50928.147
"351","2020-12-16",308119394,2644743,2676381.01,7401593,54063,51224.856
"352","2020-12-17",310959388,2839994,2673014.859,7456956,55363,51868.293
"353","2020-12-18",314060381,3100993,2706351.71,7514266,57310,51702.005
"354","2020-12-19",317086078,3025697,2738977.716,7574415,60149,52389.436
"355","2020-12-20",319959259,2873181,2735306.865,7624543,50128,52354.438
"356","2020-12-21",322389351,2430092,2733360.712,7669765,45222,52537.001
"357","2020-12-22",324686316,2296965,2744523.568,7716145,46380,52659.284
"358","2020-12-23",327261529,2575213,2734590.716,7770882,54737,52755.579
"359","2020-12-24",330112989,2851460,2736228.713,7827864,56982,52986.864
"360","2020-12-25",332901580,2788591,2691599.859,7881206,53342,52420.004
"361","2020-12-26",335379871,2478291,2613398.991,7929209,48003,50684.861
"362","2020-12-27",337308085,1928214,2478403.717,7970374,41165,49404.437
"363","2020-12-28",339230970,1922885,2405945.57,8010279,39905,48644.859
"364","2020-12-29",341363105,2132135,2382398.425,8057687,47408,48791.717
"365","2020-12-30",343902505,2539400,2377282.282,8116010,58323,49304.006
"366","2020-12-31",347010169,3107664,2413882.851,8177535,61525,49953.004
"367","2021-01-01",350154795,3144626,2464744.994,8237028,59493,50831.725
"368","2021-01-02",352829139,2674344,2492752.575,8290144,53116,51562.147
"369","2021-01-03",355150216,2321077,2548875.859,8336557,46413,52311.86
"370","2021-01-04",357552579,2402363,2617372.713,8379999,43442,52817.151
"371","2021-01-05",360023218,2470639,2665730.428,8426633,46634,52706.575
"372","2021-01-06",362854426,2831208,2707417.285,8483833,57200,52546.143
"373","2021-01-07",366223942,3369516,2744824.721,8544624,60791,52441.29
"374","2021-01-08",369475379,3251437,2760083.425,8605632,61008,52657.719
"375","2021-01-09",372833248,3357869,2857729.864,8671768,66136,54517.717
"376","2021-01-10",376134426,3301178,2997744.289,8727514,55746,55851.003
"377","2021-01-11",378963011,2828585,3058633.144,8780237,52723,57176.861
"378","2021-01-12",381512389,2549378,3069881.581,8832817,52588,58013.864
"379","2021-01-13",384323234,2810845,3066972.572,8894734,61917,58701.292
"380","2021-01-14",387443791,3120557,3031406.995,8960024,65290,59344.003
"381","2021-01-15",390486379,3042588,3001571.435,9026939,66915,60187.861
"382","2021-01-16",393440505,2954126,2943893.855,9093167,66228,60201.009
"383","2021-01-17",396475346,3034841,2905845.712,9150773,57606,60466.719
"384","2021-01-18",399004521,2529175,2863072.86,9205928,55155,60814.151
"385","2021-01-19",401254540,2250019,2820307.279,9261635,55707,61259.717
"386","2021-01-20",403681886,2427346,2765521.721,9322719,61084,61140.712
"387","2021-01-21",406366602,2684716,2703258.714,9387478,64759,61064.861
"388","2021-01-22",409124993,2758391,2662659.144,9456671,69193,61390.294
"389","2021-01-23",411720167,2595174,2611380.287,9524497,67826,61618.576
"390","2021-01-24",414334076,2613909,2551247.145,9585462,60965,62098.429
"391","2021-01-25",416527851,2193775,2503332.859,9639630,54168,61957.431
"392","2021-01-26",418392859,1865008,2448331.29,9695059,55429,61917.721
"393","2021-01-27",420600076,2207217,2416884.285,9754429,59370,61672.864
"394","2021-01-28",423081749,2481673,2387878.138,9821337,66908,61979.865
"395","2021-01-29",425553276,2471527,2346897.57,9887350,66013,61525.574
"396","2021-01-30",427874523,2321247,2307765.144,9953880,66530,61340.434
"397","2021-01-31",430204345,2329822,2267181.291,10009754,55874,60613.151
"398","2021-02-01",432130096,1925751,2228892.143,10061214,51460,60226.285
"399","2021-02-02",433747884,1617788,2193574.999,10111117,49903,59436.859
"400","2021-02-03",435655163,1907279,2150726.714,10166693,55576,58894.858
"401","2021-02-04",437770944,2115781,2098456.43,10224535,58134,57641.429
"402","2021-02-05",439772232,2001288,2031279.431,10282460,57925,56486
"403","2021-02-06",441726766,1954534,1978891.869,10337454,54994,54838.006
"404","2021-02-07",443643259,1916493,1919844.86,10388869,51415,54201.002
"405","2021-02-08",445253708,1610449,1874801.723,10434100,45231,53311.146
"406","2021-02-09",446651939,1398231,1843436.431,10476999,42899,52310.575
"407","2021-02-10",448202782,1550843,1792517.004,10525540,48541,51305.576
"408","2021-02-11",449971935,1769153,1742998.719,10576588,51048,50293.29
"409","2021-02-12",451768013,1796078,1713683.011,10628199,51611,49391.291
"410","2021-02-13",453487671,1719658,1680129.29,10681300,53101,49120.856
"411","2021-02-14",455144207,1656536,1642992.572,10734516,53216,49378.153
"412","2021-02-15",456522476,1378269,1609824.002,10777122,42606,49003.149
"413","2021-02-16",457775591,1253115,1589093.144,10815191,38069,48313.145
"414","2021-02-17",459236579,1460988,1576256.711,10855084,39893,47077.72
"415","2021-02-18",460850932,1614353,1554142.426,10895850,40766,45608.864
"416","2021-02-19",462486321,1635389,1531186.857,10939267,43417,44438.29
"417","2021-02-20",464063231,1576910,1510794.292,10984242,44975,43277.432
"418","2021-02-21",465667362,1604131,1503307.863,11024121,39879,41372.144
"419","2021-02-22",467107224,1439862,1512106.863,11058976,34855,40264.859
"420","2021-02-23",468415601,1308377,1520001.429,11093982,35006,39827.291
"421","2021-02-24",469940591,1524990,1529144.571,11131937,37955,39550.438
"422","2021-02-25",471753391,1812800,1557494.141,11171506,39569,39379.431
"423","2021-02-26",473552290,1798899,1580852.712,11212594,41088,39046.721
"424","2021-02-27",475289925,1737635,1603813.428,11258072,45482,39118.997
"425","2021-02-28",476999563,1709638,1618885.867,11294427,36355,38615.722
"426","2021-03-01",478488930,1489367,1625957.998,11327867,33440,38413.571
"427","2021-03-02",479829658,1340728,1630579.574,11360526,32659,38078.288
"428","2021-03-03",481428269,1598611,1641096.861,11396420,35894,37783.865
"429","2021-03-04",483244606,1816337,1641602.152,11433742,37322,37462.867
"430","2021-03-05",485095468,1850862,1649025.434,11475003,41261,37487.575
"431","2021-03-06",486887901,1792433,1656853.722,11513070,38067,36428.299
"432","2021-03-07",488723714,1835813,1674878.717,11549805,36735,36482.575
"433","2021-03-08",490261680,1537966,1681821.437,11581725,31920,36265.43
"434","2021-03-09",491824756,1563076,1713585.43,11614326,32601,36257.148
"435","2021-03-10",493473214,1648458,1720706.429,11648881,34555,36065.858
"436","2021-03-11",495456952,1983738,1744620.86,11687975,39094,36318.998
"437","2021-03-12",497478962,2022010,1769070.578,11730420,42445,36488.144
"438","2021-03-13",499449112,1970150,1794458.719,11770608,40188,36791.15
"439","2021-03-14",501503737,2054625,1825717.582,11807159,36551,36764.863
"440","2021-03-15",503217083,1713346,1850771.855,11840065,32906,36905.719
"441","2021-03-16",504836195,1619112,1858777.004,11873212,33147,36983.72
"442","2021-03-17",506710471,1874276,1891036.715,11908924,35712,37149.01
"443","2021-03-18",509021803,2311332,1937835.856,11951452,42528,37639.584
"444","2021-03-19",511339352,2317549,1980055.721,11994197,42745,37682.428
"445","2021-03-20",513591017,2251665,2020272.139,12036412,42215,37972.007
"446","2021-03-21",515895363,2304346,2055946.579,12074806,38394,38235.29
"447","2021-03-22",517901877,2006514,2097827.718,12118196,43390,39733.005
"448","2021-03-23",519794552,1892675,2136908.142,12153032,34836,39974.295
"449","2021-03-24",522003364,2208812,2184699.004,12192700,39668,40539.43
"450","2021-03-25",524606635,2603271,2226404.579,12238207,45507,40965.007
"451","2021-03-26",527245583,2638948,2272318.717,12279788,41581,40798.719
"452","2021-03-27",529763532,2517949,2310359.288,12326570,46782,41451.152
"453","2021-03-28",532362588,2599056,2352460.71,12369217,42647,42058.713
"454","2021-03-29",534638691,2276103,2390973.429,12409450,40233,41607.714
"455","2021-03-30",536722444,2083753,2418270.289,12449731,40281,42385.577
"456","2021-03-31",539057972,2335528,2436372.576,12492121,42390,42774.436
"457","2021-04-01",541845397,2787425,2462680.281,12542908,50787,43528.719
"458","2021-04-02",544634538,2789141,2484136.434,12593879,50971,44870.144
"459","2021-04-03",547309845,2675307,2506616.149,12644587,50708,45430.999
"460","2021-04-04",549692571,2382726,2475711.864,12687764,43177,45506.713
"461","2021-04-05",552017111,2324540,2482631.427,12725387,37623,45133.864
"462","2021-04-06",554131043,2113932,2486942.709,12759579,34192,44264.002
"463","2021-04-07",556533470,2402427,2496499.718,12802906,43327,44397.861
"464","2021-04-08",559623804,3090334,2539772.431,12862508,59602,45657.15
"465","2021-04-09",562809107,3185303,2596367,12918571,56063,46384.573
"466","2021-04-10",565861269,3052162,2650203.427,12977666,59095,47582.715
"467","2021-04-11",569011490,3150221,2759845.567,13026747,49081,48426.147
"468","2021-04-12",571810324,2798834,2827601.856,13071609,44862,49460.293
"469","2021-04-13",574391527,2581203,2894354.856,13117346,45737,51109.572
"470","2021-04-14",577380273,2988746,2978114.712,13165556,48210,51807.143
"471","2021-04-15",580772931,3392658,3021303.855,13223586,58030,51582.577
"472","2021-04-16",584129131,3356200,3045717.718,13280283,56697,51673.149
"473","2021-04-17",587405498,3276367,3077747.002,13337535,57252,51409.863
"474","2021-04-18",590836048,3430550,3117794.008,13387413,49878,51523.724
"475","2021-04-19",594006780,3170732,3170922.287,13437169,49756,52222.868
"476","2021-04-20",596917102,2910322,3217939.288,13486791,49622,52777.866
"477","2021-04-21",600133553,3216451,3250468.571,13539009,52218,53350.433
"478","2021-04-22",603820822,3687269,3292555.861,13599808,60799,53746.001
"479","2021-04-23",607498721,3677899,3338512.858,13660205,60397,54274.575
"480","2021-04-24",610937394,3438673,3361699.431,13715725,55520,54027.141
"481","2021-04-25",614428108,3490714,3370294.289,13769889,54164,54639.431
"482","2021-04-26",617654915,3226807,3378305.003,13823500,53611,55190.146
"483","2021-04-27",620552491,2897576,3376484.143,13874874,51374,55440.435
"484","2021-04-28",623753210,3200719,3374236.718,13929255,54381,55749.428
"485","2021-04-29",627399564,3646354,3368391.728,13993624,64369,56259.427
"486","2021-04-30",630963560,3564028,3352122.286,14055350,61726,56449.29
"487","2021-05-01",634437694,3474134,3357190.281,14114840,59490,57016.433
"488","2021-05-02",637845751,3408057,3345382.144,14168635,53795,56963.721
"489","2021-05-03",640897530,3051779,3320378.135,14220000,51365,56642.87
"490","2021-05-04",643697119,2799589,3306380.008,14267432,47432,56079.718
"491","2021-05-05",646737561,3040442,3283483.288,14318185,50753,55561.43
"492","2021-05-06",650230295,3492734,3261537.567,14379621,61436,55142.433
"493","2021-05-07",653652284,3421989,3241246.283,14438672,59051,54760.287
"494","2021-05-08",656955618,3303334,3216846.291,14496105,57433,54466.431
"495","2021-05-09",660280088,3324470,3204905.276,14548753,52648,54302.573
"496","2021-05-10",663184165,2904077,3183804.999,14599458,50705,54208.288
"497","2021-05-11",665800345,2616180,3157603.712,14647929,48471,54356.719
"498","2021-05-12",668470315,2669970,3104679.146,14697894,49965,54244.144
"499","2021-05-13",671586222,3115907,3050846.715,14753548,55654,53418.143
"500","2021-05-14",674534385,2948163,2983157.288,14808424,54876,52821.717
"501","2021-05-15",677313532,2779147,2908273.431,14860700,52276,52085.003
"502","2021-05-16",680041302,2727770,2823030.566,14909819,49119,51580.855
"503","2021-05-17",682544031,2502729,2765695.144,14958561,48742,51300.433
"504","2021-05-18",684788189,2244158,2712549.141,15007528,48967,51371.291
"505","2021-05-19",687146087,2357898,2667967.42,15056962,49434,51295.436
"506","2021-05-20",689802817,2656730,2602370.721,15111119,54157,51081.577
"507","2021-05-21",692377830,2575013,2549063.574,15164508,53389,50869.138
"508","2021-05-22",694934246,2559041,2517619.857,15216730,52222,50861.432
"509","2021-05-23",697263849,2329603,2460738.86,15262112,45382,50327.574
"510","2021-05-24",699402441,2138592,2408719.29,15308171,46059,49944.293
"511","2021-05-25",701196317,1793876,2344393.28,15346843,38672,48473.574
"512","2021-05-26",703159210,1962893,2287963.992,15393240,46397,48039.722
"513","2021-05-27",705492472,2333262,2241754.287,15442139,48899,47288.579
"514","2021-05-28",707760189,2267717,2197854.856,15491095,48956,46655.286
"515","2021-05-29",709836863,2076674,2128945.288,15537531,46436,45828.714
"516","2021-05-30",711714268,1877405,2064345.566,15581604,44073,45641.717
"517","2021-05-31",713597772,1883504,2027904.433,15623297,41693,45018.001
"518","2021-06-01",715139999,1542227,1991954.575,15658797,35500,44564.857
"519","2021-06-02",716783903,1643904,1946384.719,15696929,38132,43384.149
"520","2021-06-03",718665966,1882063,1881927.713,15739272,42343,42447.575
"521","2021-06-04",720622044,1956078,1837407.856,15782504,43232,41629.862
"522","2021-06-05",722419147,1797103,1797469.143,15823851,41347,40902.866
"523","2021-06-06",723978243,1559096,1751996.428,15860323,36472,39817.006
"524","2021-06-07",725519335,1541092,1703080.431,15895916,35593,38945.572
"525","2021-06-08",726822309,1302974,1668901.429,15928953,33037,38593.719
"526","2021-06-09",728224370,1402061,1634352.434,15962824,33871,37985.005
"527","2021-06-10",729772338,1547968,1586624.566,16018107,55283,39833.567
"528","2021-06-11",731491879,1719541,1552833.57,16063891,45784,40198.142
"529","2021-06-12",733147438,1655559,1532612.999,16109566,45675,40816.43
"530","2021-06-13",734721498,1574060,1534750.713,16148715,39149,41198.861
"531","2021-06-14",736187290,1465792,1523993.575,16190305,41590,42055.572
"532","2021-06-15",737405304,1218014,1511856.433,16224209,33904,42179.436
"533","2021-06-16",738690871,1285567,1495214.434,16256605,32396,41968.715
"534","2021-06-17",740256712,1565841,1497767.72,16296023,39418,39702.297
"535","2021-06-18",741921006,1664294,1489875.285,16334255,38232,38623.434
"536","2021-06-19",743447956,1526950,1471502.573,16369273,35018,37101.008
"537","2021-06-20",744985984,1538028,1466355.151,16403087,33814,36338.867
"538","2021-06-21",746373495,1387511,1455172.152,16435433,32346,35018.292
"539","2021-06-22",747591079,1217584,1455110.715,16463085,27652,34125.15
"540","2021-06-23",748899366,1308287,1458356.432,16492289,29204,33669.145
"541","2021-06-24",750583145,1683779,1475204.704,16527126,34837,33014.72
"542","2021-06-25",752363638,1780493,1491804.577,16562149,35023,32556.287
"543","2021-06-26",753974640,1611002,1503811.994,16595982,33833,32387
"544","2021-06-27",755565600,1590960,1511373.712,16629299,33317,32316.005
"545","2021-06-28",757055552,1489952,1526008.143,16658793,29494,31908.577
"546","2021-06-29",758351323,1295771,1537177.712,16685685,26892,31799.999
"547","2021-06-30",759796403,1445080,1556719.581,16712833,27148,31506.287
"548","2021-07-01",761522905,1726502,1562822.862,16746708,33875,31368.859
"549","2021-07-02",763175360,1652455,1544531.713,16782650,35942,31500.145
"550","2021-07-03",764946566,1771206,1567418.007,16815093,32443,31301.57
"551","2021-07-04",766671830,1725264,1586604.289,16845790,30697,30927.287
"552","2021-07-05",768232474,1560644,1596703.15,16875458,29668,30952.152
"553","2021-07-06",769645503,1413029,1613454.288,16902913,27455,31032.577
"554","2021-07-07",771281764,1636261,1640765.857,16932298,29385,31352.148
"555","2021-07-08",773288865,2007101,1680851.426,16966234,33936,31360.86
"556","2021-07-09",775285337,1996472,1729996.716,16999312,33078,30951.718
"557","2021-07-10",777936425,2651088,1855694.147,17033208,33896,31159.292
"558","2021-07-11",779915777,1979352,1891992.43,17064597,31389,31258.154
"559","2021-07-12",781705956,1790179,1924783.149,17096004,31407,31506.575
"560","2021-07-13",783367000,1661044,1960213.86,17127657,31653,32106.296
"561","2021-07-14",785380489,2013489,2014103.572,17157863,30206,32223.578
"562","2021-07-15",787665444,2284955,2053796.993,17190894,33031,32094.295
"563","2021-07-16",790026856,2361412,2105931.293,17225143,34249,32261.573
"564","2021-07-17",792397430,2370574,2065857.847,17258455,33312,32178.138
"565","2021-07-18",794651956,2254526,2105168.427,17290616,32161,32288.424
"566","2021-07-19",796575011,1923055,2124150.718,17321362,30746,32194.004
"567","2021-07-20",798386373,1811362,2145624.716,17350422,29060,31823.578
"568","2021-07-21",800522983,2136610,2163213.425,17430642,80220,38968.431
"569","2021-07-22",802807150,2284167,2163100.863,17464546,33904,39093.143
"570","2021-07-23",805230111,2422961,2171893.573,17499439,34893,39185.145
"571","2021-07-24",807629248,2399137,2175973.998,17535637,36198,39597.435
"572","2021-07-25",810197501,2568253,2220792.144,17569306,33669,39812.857
"573","2021-07-26",812210029,2012528,2233573.999,17604396,35090,40433.432
"574","2021-07-27",814107109,1897080,2245819.43,17639882,35486,41351.435
"575","2021-07-28",816547510,2440401,2289218.143,17674818,34936,34882.298
"576","2021-07-29",819273456,2725946,2352329.423,17716504,41686,35994.007
"577","2021-07-30",821992728,2719272,2394659.57,17756196,39692,36679.579
"578","2021-07-31",824681647,2688919,2436056.994,17795019,38823,37054.576
"579","2021-08-01",827236139,2554492,2434091.139,17830582,35563,37325.14
"580","2021-08-02",829417385,2181246,2458193.712,17866901,36319,37500.717
"581","2021-08-03",831464873,2047488,2479680.573,17903905,37004,37717.573
"582","2021-08-04",834021587,2556714,2496296.711,17942287,38382,38209.86
"583","2021-08-05",836800207,2778620,2503821.573,17983446,41159,38134.579
"584","2021-08-06",839803790,3003583,2544437.429,18026556,43110,38622.869
"585","2021-08-07",842625982,2822192,2563476.436,18067884,41328,38980.716
"586","2021-08-08",845349016,2723034,2587553.852,18106945,39061,39480.439
"587","2021-08-09",847725091,2376075,2615386.571,18146556,39611,39950.719
"588","2021-08-10",849866077,2140986,2628743.427,18183410,36854,39929.29
"589","2021-08-11",852413578,2547501,2627427.286,18221568,38158,39897.283
"590","2021-08-12",855283329,2869751,2640445.997,18264020,42452,40082.001
"591","2021-08-13",858227131,2943802,2631905.849,18305674,41654,39874.009
"592","2021-08-14",861148007,2920876,2646003.577,18347021,41347,39876.72
"593","2021-08-15",863865905,2717898,2645269.855,18386686,39665,39963.007
"594","2021-08-16",866258338,2392433,2647606.717,18427070,40384,40073.431
"595","2021-08-17",868455891,2197553,2655687.716,18462467,35397,39865.291
"596","2021-08-18",870992716,2536825,2654162.576,18500624,38157,39865.147
"597","2021-08-19",874090009,3097293,2686668.569,18545972,45348,40278.863
"598","2021-08-20",877114934,3024925,2698257.573,18590999,45027,40760.725
"599","2021-08-21",880032836,2917902,2697832.718,18632174,41175,40736.155
"600","2021-08-22",882745243,2712407,2697048.291,18673743,41569,41008.147
"601","2021-08-23",885018653,2273410,2680044.999,18714110,40367,41005.718
"602","2021-08-24",887234638,2215985,2682678.142,18750222,36112,41107.862
"603","2021-08-25",889887306,2652668,2699227.148,18791020,40802,41484.003
"604","2021-08-26",892849468,2962162,2679922.72,18836133,45113,41452.141
"605","2021-08-27",895801989,2952521,2669579.279,18877773,41670,40890.569
"606","2021-08-28",898703303,2901314,2667209.571,18919970,42197,41118.568
"607","2021-08-29",901469607,2766304,2674909.145,18959712,39742,40857.57
"608","2021-08-30",903774159,2304552,2679357.998,18997121,37409,40435.001
"609","2021-08-31",905845716,2071557,2658725.434,19033995,36874,40543.855
"610","2021-09-01",908346108,2500392,2636971.71,19073308,39313,40331.143
"611","2021-09-02",911163673,2817565,2616315.012,19114858,41550,39822.147
"612","2021-09-03",914032049,2868376,2604294.285,19156696,41838,39846.146
"613","2021-09-04",916759643,2727594,2579477.145,19197280,40584,39615.717
"614","2021-09-05",919353248,2593605,2554805.865,19234645,37525,39224.858
"615","2021-09-06",921483239,2129991,2529868.568,19271941,37296,39282.861
"616","2021-09-07",923499113,2015874,2521913.856,19306615,34674,38968.574
"617","2021-09-08",925797085,2297972,2492996.716,19342371,35756,38460.43
"618","2021-09-09",928123530,2326445,2422836.715,19378239,35868,37648.716
"619","2021-09-10",930564150,2440620,2361728.717,19414168,35929,36804.572
"620","2021-09-11",933132879,2568729,2339033.718,19453403,39235,36611.855
"621","2021-09-12",935466623,2333744,2301910.722,19488885,35482,36320.005
"622","2021-09-13",937428252,1961629,2277859.002,19525264,36379,36189.003
"623","2021-09-14",939291055,1862803,2255991.716,19556541,31277,35703.719
"624","2021-09-15",941428623,2137568,2233076.857,19589365,32824,35284.859
"625","2021-09-16",943777051,2348428,2236217.287,19628263,38898,35717.709
"626","2021-09-17",946061016,2283965,2213838.004,19667591,39328,36203.288
"627","2021-09-18",948394795,2333779,2180273.711,19702706,35115,35614.717
"628","2021-09-19",950568072,2173277,2157349.852,19736248,33542,35337.571
"629","2021-09-20",952889289,2321217,2208719.563,19768458,32210,34742.008
"630","2021-09-21",954602632,1713343,2187368.142,19796086,27628,34220.715
"631","2021-09-22",956544316,1941684,2159384.718,19827602,31516,34033.861
"632","2021-09-23",958630778,2088754,2089740.281,19864049,36447,33683.717
"633","2021-09-24",960817489,2186711,2108395,19897258,33209,32809.573
"634","2021-09-25",962913446,2095957,2074420.422,19930207,32949,32500.146
"635","2021-09-26",964919575,2006129,2050542.15,19961771,31564,32217.575
"636","2021-09-27",966526034,1606459,1948433.852,19988732,26961,31467.716
"637","2021-09-28",968029379,1503345,1918434.142,20016590,27858,31500.575
"638","2021-09-29",969946255,1916876,1914890.146,20048268,31678,31523.72
"639","2021-09-30",971935382,1989127,1900657.713,20082610,34342,31223.004
"640","2021-10-01",973910988,1975606,1870499.856,20115579,32969,31188.716
"641","2021-10-02",975872862,1961874,1851345.139,20146311,30732,30872.003
"642","2021-10-03",977709083,1836221,1827072.563,20175676,29365,30557.858
"643","2021-10-04",979143432,1434349,1802485.432,20199917,24244,30169.429
"644","2021-10-05",980581031,1437599,1793093.142,20223696,23779,29586.994
"645","2021-10-06",982388741,1807710,1777498,20250884,27188,28945.572
"646","2021-10-07",984311230,1922489,1767978.285,20283145,32261,28648.287
"647","2021-10-08",986255877,1944647,1763555.575,20315187,32042,28515.859
"648","2021-10-09",988114367,1858490,1748786.431,20344721,29534,28344.711
"649","2021-10-10",989904590,1790223,1742215.286,20373925,29228,28307.858
"650","2021-10-11",991310603,1406013,1738167.287,20396377,22455,28069.431
"651","2021-10-12",992724599,1414208,1734818.428,20421063,24686,28199.149
"652","2021-10-13",994509785,1785186,1731608.001,20448422,27359,28223.581
"653","2021-10-14",996370793,1861008,1722825,20478713,30291,27942.142
"654","2021-10-15",998203702,1832909,1706862.434,20507783,29070,27517.571
"655","2021-10-16",1000079394,1875692,1709319.851,20535962,28179,27324.004
"656","2021-10-17",1001861343,1781949,1708137.857,20563743,27781,27117.281
"657","2021-10-18",1003256767,1395472,1706617.422,20586685,22942,27186.863
"658","2021-10-19",1004717593,1460826,1713291.713,20610842,24157,27111.286
"659","2021-10-20",1006613977,1896384,1729177.146,20642943,32101,27788.72
"660","2021-10-21",1008607845,1993868,1748157.138,20674001,31058,27898.29
"661","2021-10-22",1010597828,1989983,1770596.286,20705938,31937,28307.859
"662","2021-10-23",1012564013,1966185,1783523.859,20736425,30487,28637.573
"663","2021-10-24",1014425183,1861170,1794841.14,20767237,30812,29070.575
"664","2021-10-25",1015828797,1403614,1796004.282,20790860,23623,29167.86
"665","2021-10-26",1017250001,1421204,1790344.005,20816292,25432,29350.005
"666","2021-10-27",1019289109,2039108,1810733.139,20846718,30426,29110.718
"667","2021-10-28",1021453618,2164509,1835110.428,20883322,36604,29903.005
"668","2021-10-29",1023545479,2091861,1849664.437,20917570,34248,30233.149
"669","2021-10-30",1025732106,2186627,1881156.134,20949434,31864,30429.858
"670","2021-10-31",1027653626,1921520,1889777.57,20978514,29080,30182.434
"671","2021-11-01",1029093316,1439690,1894931.283,21001099,22585,30034.151
"672","2021-11-02",1030548431,1455115,1899775.714,21026111,25012,29974.142
"673","2021-11-03",1032640141,2091710,1907290.277,21057654,31543,30133.715
"674","2021-11-04",1034809360,2169219,1907963.145,21091061,33407,29677.004
"675","2021-11-05",1037031062,2221702,1926511.86,21122557,31496,29283.866
"676","2021-11-06",1039216657,2185595,1926364.426,21155073,32516,29377.004
"677","2021-11-07",1041255437,2038780,1943115.858,21185058,29985,29506.293
"678","2021-11-08",1042807556,1552119,1959177.144,21208910,23852,29687.292
"679","2021-11-09",1044458859,1651303,1987204.001,21235795,26885,29954.863
"680","2021-11-10",1046943753,2484894,2043373.144,21268962,33167,30186.863
"681","2021-11-11",1049353363,2409610,2077714.72,21302847,33885,30255.145
"682","2021-11-12",1051753982,2400619,2103274.29,21335922,33075,30480.723
"683","2021-11-13",1053928480,2174498,2101689.003,21367444,31522,30338.715
"684","2021-11-14",1056218885,2290405,2137635.43,21397975,30531,30416.713
"685","2021-11-15",1058017778,1798893,2172888.855,21424706,26731,30828.002
"686","2021-11-16",1059791785,1774007,2190418,21451684,26978,30841.292
"687","2021-11-17",1062587292,2795507,2234791.289,21485825,34141,30980.435
"688","2021-11-18",1065240411,2653119,2269578.284,21521531,35706,31240.575
"689","2021-11-19",1067915596,2675185,2308801.999,21558207,36676,31754.998
"690","2021-11-20",1070626508,2710912,2385432.576,21601283,43076,33405.579
"691","2021-11-21",1073084478,2457970,2409370.427,21629539,28256,33080.577
"692","2021-11-22",1074971302,1886824,2421931.998,21653983,24444,32753.865
"693","2021-11-23",1077023967,2052665,2461740.282,21682893,28910,33029.861
"694","2021-11-24",1080151561,3127594,2509181.28,21717240,34347,33059.293
"695","2021-11-25",1083054328,2902767,2544845.288,21753492,36252,33137.294
"696","2021-11-26",1085991158,2936830,2582223.138,21788339,34847,32876.006
"697","2021-11-27",1088599091,2607933,2567511.855,21817630,29291,30906.718
"698","2021-11-28",1091009184,2410093,2560672.281,21844203,26573,30666.293
"699","2021-11-29",1093005827,1996643,2576360.719,21868261,24058,30611.149
"700","2021-11-30",1095005423,1999596,2568779.429,21896032,27771,30448.433
"701","2021-12-01",1097922709,2917286,2538735.43,21931493,35461,30607.573
"702","2021-12-02",1100984122,3061413,2561399.147,21967152,35659,30522.866
"703","2021-12-03",1104081444,3097322,2584326.572,22002977,35825,30662.584
"704","2021-12-04",1107095376,3013932,2642326.423,22035797,32820,31166.724
"705","2021-12-05",1109915862,2820486,2700953.999,22074109,38312,32843.714
"706","2021-12-06",1111998181,2082319,2713193.421,22098339,24230,32868.29
"707","2021-12-07",1113999573,2001392,2713449.997,22126075,27736,32863.291
"708","2021-12-08",1117239117,3239544,2759486.857,22158558,32483,32437.86
"709","2021-12-09",1120352721,3113604,2766942.71,22193527,34969,32339.288
"710","2021-12-10",1123311281,2958560,2747119.564,22227504,33977,32075.287
"711","2021-12-11",1126228228,2916947,2733264.572,22258198,30694,31771.574
"712","2021-12-12",1128945321,2717093,2718494.142,22287469,29271,30480.002
"713","2021-12-13",1131047030,2101709,2721264.145,22309974,22505,30233.578
"714","2021-12-14",1133022548,1975518,2717567.862,22336294,26320,30031.291
"715","2021-12-15",1136402511,3379963,2737627.714,22367911,31617,29907.576
"716","2021-12-16",1139678368,3275857,2760806.707,22401204,33293,29668.146
"717","2021-12-17",1142985983,3307615,2810671.715,22435114,33910,29658.571
"718","2021-12-18",1146234575,3248592,2858049.577,22463358,28244,29308.582
"719","2021-12-19",1149327874,3093299,2911793.293,22490329,26971,28980.001
"720","2021-12-20",1151633462,2305588,2940918.865,22511176,20847,28743.153
"721","2021-12-21",1153965968,2332506,2991917.144,22537208,26032,28702.001
"722","2021-12-22",1157994269,4028301,3084536.863,22568866,31658,28707.863
"723","2021-12-23",1162059384,4065115,3197287.995,22602022,33156,28688.291
"724","2021-12-24",1166455692,4396308,3352815.573,22633114,31092,28285.72
"725","2021-12-25",1170938695,4483003,3529160.008,22666667,33553,29044.148
"726","2021-12-26",1175280485,4341790,3707515.856,22688026,21359,28242.433
"727","2021-12-27",1177783366,2502881,3735700.571,22706836,18810,27951.433
"728","2021-12-28",1181267452,3484086,3900212.001,22728755,21919,27363.862
"729","2021-12-29",1188058438,6790986,4294881.28,22760969,32214,27443.294
"730","2021-12-30",1195243668,7185230,4740611.991,22795049,34080,27575.297
"731","2021-12-31",1203339550,8095882,5269122.571,22824428,29379,27330.576
"732","2022-01-01",1211893920,8554370,5850746.429,22850732,26304,26295.008
"733","2022-01-02",1220221863,8327943,6420196.856,22871118,20386,26156.004
"734","2022-01-03",1224979976,4758113,6742372.855,22889349,18231,26073.286
"735","2022-01-04",1231023159,6043183,7107958.145,22910441,21096,25955.577
"736","2022-01-05",1242323982,11300823,7752220.57,22942642,32201,25953.86
"737","2022-01-06",1254342219,12018237,8442650.153,22977088,34446,26006.147
"738","2022-01-07",1265838278,11496059,8928389.719,23006761,29673,26048.148
"739","2022-01-08",1276889091,11050813,9285024.423,23036306,29545,26511.149
"740","2022-01-09",1290908217,14019126,10098050.573,23063534,27228,27488.577
"741","2022-01-10",1300260458,9352241,10754354.57,23084673,21139,27904.004
"742","2022-01-11",1308709595,8449137,11098062.287,23111510,26837,28724.144
"743","2022-01-12",1323938334,15228739,11659193.14,23145457,33947,28973.572
"744","2022-01-13",1337662003,13723669,11902826.293,23184814,39357,29675.153
"745","2022-01-14",1351401379,13739376,12223300.144,23218981,34167,30317.146
"746","2022-01-15",1365115764,13714385,12603810.424,23251319,32338,30716.147
"747","2022-01-16",1380385742,15269978,12782503.565,23283565,32246,31433.006
"748","2022-01-17",1390910110,10524368,12949950.293,23312403,28838,32532.869
"749","2022-01-18",1400302241,9392131,13084663.72,23341418,29015,32844.011
"750","2022-01-19",1416527302,16225061,13226995.425,23374995,33577,32791.147
"751","2022-01-20",1432912232,16384930,13607175.573,23413252,38257,32634.004
"752","2022-01-21",1449512036,16599804,14015808.144,23455513,42261,33790.288
"753","2022-01-22",1465512594,16000558,14342404.288,23494068,38555,34678.436
"754","2022-01-23",1481948932,16436338,14509027.147,23533778,39710,35744.722
"755","2022-01-24",1493672029,11723097,14680274.141,23562082,28304,35668.434
"756","2022-01-25",1504354482,10682453,14864605.859,23595604,33522,36312.292
"757","2022-01-26",1522113061,17758579,15083679.858,23638060,42456,37580.713
"758","2022-01-27",1537870178,15757117,14993992.285,23683233,45173,38568.718
"759","2022-01-28",1553733355,15863177,14888759.865,23729075,45842,39080.292
"760","2022-01-29",1568894621,15161266,14768860.996,23772800,43725,39818.863
"761","2022-01-30",1583803751,14909130,14550688.427,23816740,43940,40423.151
"762","2022-01-31",1594500329,10696578,14404042.863,23852488,35748,41486.574
"763","2022-02-01",1604259552,9759223,14272152.856,23888116,35628,41787.427
"764","2022-02-02",1619273031,15013479,13879995.713,23937036,48920,42710.853
"765","2022-02-03",1633157123,13884092,13612420.719,23991402,54366,44024.152
"766","2022-02-04",1646410432,13253309,13239582.433,24041363,49961,44612.571
"767","2022-02-05",1659432119,13021687,12933928.287,24089338,47975,45219.721
"768","2022-02-06",1671106899,11674780,12471878.283,24133029,43691,45184.152
"769","2022-02-07",1679821196,8714297,12188695.292,24170615,37586,45446.718
"770","2022-02-08",1688138368,8317172,11982688.006,24208592,37977,45782.295
"771","2022-02-09",1701476828,13338460,11743399.572,24260929,52337,46270.433
"772","2022-02-10",1712982649,11505821,11403646.572,24315581,54652,46311.296
"773","2022-02-11",1723773068,10790419,11051805.144,24365690,50109,46332.44
"774","2022-02-12",1733607490,9834426,10596480.137,24411443,45753,46015.011
"775","2022-02-13",1742764298,9156808,10236771.861,24454694,43251,45952.148
"776","2022-02-14",1749518157,6753859,9956709.293,24487338,32644,45246.147
"777","2022-02-15",1756374264,6856107,9747985.719,24522416,35078,44832.002
"778","2022-02-16",1765598266,9224002,9160206.002,24568418,46002,43927.009
"779","2022-02-17",1774710966,9112700,8818331.583,24616684,48266,43014.718
"780","2022-02-18",1783461409,8750443,8526906.426,24665113,48429,42774.721
"781","2022-02-19",1791536112,8075491,8275587.861,24708475,43362,42433.148
"782","2022-02-20",1799036276,7500164,8038966.572,24747699,39224,41857.86
"783","2022-02-21",1804606892,5570616,7869931.854,24776891,29192,41364.725
"784","2022-02-22",1810735207,6128315,7765961.575,24808900,32009,40926.288
"785","2022-02-23",1818591728,7856521,7570607.143,24844165,35265,39392.439
"786","2022-02-24",1826446432,7854704,7390893.432,24888814,44649,38875.727
"787","2022-02-25",1833932961,7486529,7210334.296,24929646,40832,37790.434
"788","2022-02-26",1840794241,6861280,7036875.567,24968594,38948,37159.868
"789","2022-02-27",1846980046,6185805,6849109.994,24998489,29895,35827.152
"790","2022-02-28",1852252855,5272809,6806566.148,25028200,29711,35901.292
"791","2022-03-01",1857720248,5467393,6712148.713,25055543,27343,35234.715
"792","2022-03-02",1864847120,7126872,6607913.143,25090402,34859,35176.719
"793","2022-03-03",1872231206,7384086,6540681.997,25122936,32534,33446.004
"794","2022-03-04",1879388569,7157363,6493658.289,25155500,32564,32264.864
"795","2022-03-05",1886351684,6963115,6508206.137,25189245,33745,31521.571
"796","2022-03-06",1893383318,7031634,6629038.856,25217386,28141,31271.008
"797","2022-03-07",1898484707,5101389,6604550.291,25238603,21217,30057.581
"798","2022-03-08",1904739158,6254451,6716987.145,25261944,23341,29485.859
"799","2022-03-09",1912788007,8048849,6848698.144,25290025,28081,28517.577
"800","2022-03-10",1920527132,7739125,6899418.007,25319229,29204,28041.862
"801","2022-03-11",1928402857,7875725,7002041.145,25349895,30666,27770.72
"802","2022-03-12",1936888133,8485276,7219492.707,25376812,26917,26795.297
"803","2022-03-13",1944488310,7600177,7300713.156,25401139,24327,26250.43
"804","2022-03-14",1950429341,5941031,7420662.006,25420018,18879,25916.433
"805","2022-03-15",1956769043,6339702,7432840.722,25438975,18957,25290.153
"806","2022-03-16",1966160167,9391124,7624594.282,25449498,20271,23161.863
"807","2022-03-17",1975078459,8918292,7793046.714,25475430,25932,23707.01
"808","2022-03-18",1983085946,8007487,7811869.857,25500989,25559,22977.435
"809","2022-03-19",1991305863,8219917,7773961.428,25524048,23059,22426.3
"810","2022-03-20",1998378498,7072635,7698598.282,25544476,20428,21869.294
"811","2022-03-21",2003658930,5280432,7604226.995,25561279,16803,21572.728
"812","2022-03-22",2010430251,6771321,7665886.855,25622971,61692,27677.725
"813","2022-03-23",2018381142,7950891,7460139.287,25643831,20860,27761.864
"814","2022-03-24",2025925545,7544403,7263869.43,25665159,21328,27104.156
"815","2022-03-25",2033407375,7481830,7188775.572,25686416,21257,26489.584
"816","2022-03-26",2040207092,6799717,6985889.852,25721195,34779,28163.866
"817","2022-03-27",2046924734,6717642,6935176.568,25737977,16782,27643.009
"818","2022-03-28",2052305316,5380582,6949483.711,25751016,13039,27105.29
"819","2022-03-29",2057872826,5567510,6777510.718,25765942,14926,20424.44
"820","2022-03-30",2064936363,7063537,6650745.848,25784437,18495,20086.576
"821","2022-03-31",2071368670,6432307,6491875.001,25803066,18629,19701.004
"822","2022-04-01",2077500602,6131932,6299032.432,25822573,19507,19451.005
"823","2022-04-02",2082769490,5268888,6080342.575,25838805,16232,16801.431
"824","2022-04-03",2088518910,5749420,5942025.147,25852950,14145,16424.721
"825","2022-04-04",2092110475,3591565,5686451.288,25863658,10708,16091.723
"826","2022-04-05",2095977800,3867325,5443567.712,25876449,12791,15786.722
"827","2022-04-06",2101455831,5478031,5217066.861,25890971,14522,15219.146
"828","2022-04-07",2107242153,5786322,5124783.288,25906311,15340,14749.285
"829","2022-04-08",2112009518,4767557,4929866.709,25922617,16306,14292.01
"830","2022-04-09",2116218486,4208968,4778455.424,25937197,14580,14056.009
"831","2022-04-10",2121077169,4858683,4651207.276,25950696,13499,13963.719
"832","2022-04-11",2124309059,3231890,4599825.137,25960767,10071,13872.716
"833","2022-04-12",2127351310,3042251,4481957.429,25971494,10727,13577.865
"834","2022-04-13",2131871342,4520032,4345100.425,25984272,12778,13328.723
"835","2022-04-14",2135612545,3741203,4052940.573,25998337,14065,13146.579
"836","2022-04-15",2139808415,4195870,3971271.008,26011447,13110,12690.01
"837","2022-04-16",2142875582,3067167,3808156.575,26023298,11851,12300.152
"838","2022-04-17",2146561760,3686178,3640655.856,26033701,10403,11857.864
"839","2022-04-18",2148991258,2429498,3526028.424,26042156,8455,11627.007
"840","2022-04-19",2150723982,1732724,3338953.143,26049790,7634,11185.144
"841","2022-04-20",2153503766,2779784,3090346.284,26060762,10972,10927.148
"842","2022-04-21",2157602911,4099145,3141480.861,26073312,12550,10710.717
"843","2022-04-22",2161079230,3476319,3038687.856,26085768,12456,10617.292
"844","2022-04-23",2164036894,2957664,3023044.572,26097079,11311,10540.142
"845","2022-04-24",2167621507,3584613,3008535.289,26106659,9580,10422.577
"846","2022-04-25",2169490614,1869107,2928479.432,26113754,7095,10228.292
"847","2022-04-26",2171627797,2137183,2986259.283,26127734,13980,11134.861
"848","2022-04-27",2174407835,2780038,2986295.575,26136812,9078,10864.293
"849","2022-04-28",2177416245,3008410,2830476.29,26147827,11015,10645.008
"850","2022-04-29",2180072322,2656077,2713298.866,26158917,11090,10449.856
"851","2022-04-30",2182371060,2298738,2619166.574,26167534,8617,10065.008
"852","2022-05-01",2185475089,3104029,2550511.718,26176941,9407,10040.292
"853","2022-05-02",2186979954,1504865,2498477.136,26183642,6701,9984.004
"854","2022-05-03",2188525803,1545849,2414000.855,26190520,6878,8969.434
"855","2022-05-04",2190949348,2423545,2363073.293,26197853,7333,8720.149
"856","2022-05-05",2193358747,2409399,2277500.285,26207528,9675,8528.721
"857","2022-05-06",2195748788,2390041,2239495.137,26217323,9795,8343.718
"858","2022-05-07",2198074744,2325956,2243383.436,26224853,7530,8188.437
"859","2022-05-08",2201389297,3314553,2273458.288,26232488,7635,7935.291
"860","2022-05-09",2202931056,1541759,2278728.858,26238084,5596,7777.432
"861","2022-05-10",2204619762,1688706,2299137.004,26243389,5305,7552.714
"862","2022-05-11",2207390195,2770433,2348692.427,26250569,7180,7530.861
"863","2022-05-12",2210025507,2635312,2380965.708,26258973,8404,7349.294
"864","2022-05-13",2212598126,2572979,2407078.576,26267060,8087,7105.296
"865","2022-05-14",2214917815,2319689,2406204.428,26274237,7177,7054.865
"866","2022-05-15",2218580576,3662761,2455948.423,26281019,6782,6933.01
"867","2022-05-16",2220035802,1455226,2443586.568,26286189,5170,6872.151
"868","2022-05-17",2221557956,1522154,2419793.423,26291502,5313,6873.294
"869","2022-05-18",2224277697,2719741,2412551.71,26298480,6978,6844.438
"870","2022-05-19",2226854746,2577049,2404228.423,26306185,7705,6744.579
"871","2022-05-20",2229264871,2410125,2380963.575,26313413,7228,6621.863
"872","2022-05-21",2231389970,2125099,2353164.997,26319322,5909,6440.723
"873","2022-05-22",2234826008,3436038,2320776.003,26325923,6601,6414.861
"874","2022-05-23",2236123812,1297804,2298287.141,26330326,4403,6305.291
"875","2022-05-24",2237556289,1432477,2285476.139,26335273,4951,6253.434
"876","2022-05-25",2239840533,2284244,2223262.281,26341994,6721,6216.864
"877","2022-05-26",2242092467,2251934,2176817.288,26349760,7766,6225.576
"878","2022-05-27",2244140905,2048438,2125147.723,26357100,7340,6241.576
"879","2022-05-28",2246059451,1918546,2095640.145,26363288,6188,6281.438
"880","2022-05-29",2249165969,3106518,2048565.854,26369994,6706,6296.433
"881","2022-05-30",2250409711,1243742,2040842.722,26374462,4468,6305.722
"882","2022-05-31",2251692322,1282611,2019433.284,26378599,4137,6189.436
"883","2022-06-01",2253671283,1978961,1975821.426,26383313,4714,5902.726
"884","2022-06-02",2256044785,2373502,1993188.288,26389741,6428,5711.584
"885","2022-06-03",2258216895,2172110,2010855.712,26396518,6777,5631.152
"886","2022-06-04",2260095137,1878242,2005098.002,26402308,5794,5572.013
"887","2022-06-05",2263058207,2963070,1984605.427,26407967,5663,5425.722
"888","2022-06-06",2264212663,1154456,1971850.282,26411831,3864,5339.58
"889","2022-06-07",2265340924,1128261,1949800.291,26415778,3947,5312.433
"890","2022-06-08",2267576442,2235518,1986451.29,26421464,5686,5451.294
"891","2022-06-09",2270302314,2725872,2036789.855,26428872,7408,5591.296
"892","2022-06-10",2272788057,2485743,2081594.571,26436787,7915,5753.867
"893","2022-06-11",2274983913,2195856,2126967.994,26442431,5644,5732.439
"894","2022-06-12",2277802608,2818915,2106358.719,26448232,5801,5752.153
"895","2022-06-13",2279328490,1525882,2159435.288,26452106,3874,5753.583
"896","2022-06-14",2280832276,1503786,2213081.714,26456156,4050,5768.296
"897","2022-06-15",2283441997,2609721,2266539.282,26461674,5518,5744.293
"898","2022-06-16",2286024184,2582187,2246012.856,26467722,6048,5550.005
"899","2022-06-17",2288524987,2500803,2248164.288,26474971,7249,5454.862
"900","2022-06-18",2290953068,2428081,2281339.284,26479616,5969,5501.295
"901","2022-06-19",2294022487,3069419,2317125.57,26485319,5703,5487.297
"902","2022-06-20",2295480638,1458151,2307449.712,26489582,4263,5542.866
"903","2022-06-21",2297180975,1700337,2335528.428,26494220,4638,5626.864
"904","2022-06-22",2300452547,3271572,2430078.576,26499547,5327,5599.579
"905","2022-06-23",2303770541,3317994,2535193.859,26506621,7074,5746.146
"906","2022-06-24",2306982610,3212069,2636803.283,26514137,7516,5784.289
"907","2022-06-25",2310342941,3360331,2769981.858,26522314,8177,6099.722
"908","2022-06-26",2314152382,3809441,2875699.277,26529429,7115,6301.432
"909","2022-06-27",2316046015,1893633,2937911,26534064,4635,6354.579
"910","2022-06-28",2318161808,2115793,2997261.864,26539039,4975,6402.721
"911","2022-06-29",2322073555,3911747,3088715.433,26544948,5909,6485.863
"912","2022-06-30",2326130851,4057296,3194329.998,26552925,7977,6614.864
"913","2022-07-01",2330034948,3904097,3293191.148,26560573,7648,6633.722
"914","2022-07-02",2334225867,4190919,3411846.572,26569595,9022,6754.436
"915","2022-07-03",2338888679,4662812,3533756.716,26577110,7515,6811.578
"916","2022-07-04",2341295594,2406915,3607082.719,26582542,5432,6925.429
"917","2022-07-05",2343658985,2363391,3642453.859,26587818,5276,6968.432
"918","2022-07-06",2348428338,4769353,3764969.001,26594108,6290,7022.862
"919","2022-07-07",2352948774,4520436,3831131.861,26602583,8475,7094.003
"920","2022-07-08",2357399351,4450577,3909200.429,26612180,9597,7372.437
"921","2022-07-09",2362045410,4646059,3974220.433,26621635,9455,7434.294
"922","2022-07-10",2367355630,5310220,4066707.289,26629741,8106,7518.722
"923","2022-07-11",2370268439,2912809,4138977.859,26636271,6530,7675.579
"924","2022-07-12",2372999352,2730913,4191481.001,26642664,6393,7835.151
"925","2022-07-13",2378279543,5280191,4264457.864,26651212,8548,8157.723
"926","2022-07-14",2382923663,4644120,4282127,26661208,9996,8375.007
"927","2022-07-15",2387427946,4504283,4289799.285,26671617,10409,8491.012
"928","2022-07-16",2391694962,4267016,4235650.293,26682508,10891,8696.151
"929","2022-07-17",2397993899,6298937,4376895.574,26691589,9081,8835.433
"930","2022-07-18",2401563066,3569167,4470661.008,26699754,8165,9069.008
"931","2022-07-19",2404334212,2771146,4476408.58,26707560,7806,9270.863
"932","2022-07-20",2409336949,5002737,4436772.284,26717094,9534,9411.72
"933","2022-07-21",2413971229,4634280,4435366.571,26728834,11740,9660.86
"934","2022-07-22",2418480344,4509115,4436056.858,26740751,11917,9876.289
"935","2022-07-23",2423052223,4571879,4479608.717,26752955,12204,10063.861
"936","2022-07-24",2429501538,6449315,4501091.294,26761958,9003,10052.717
"937","2022-07-25",2433243460,3741922,4525770.578,26772264,10306,10358.571
"938","2022-07-26",2436389083,3145623,4579267.282,26780942,8678,10483.143
"939","2022-07-27",2441048364,4659281,4530202.145,26790908,9966,10544.859
"940","2022-07-28",2445400580,4352216,4489907.294,26802452,11544,10516.861
"941","2022-07-29",2449558907,4158327,4439794.714,26813950,11498,10457.004
"942","2022-07-30",2453694961,4136054,4377534.003,26826837,12887,10554.578
"943","2022-07-31",2460311865,6616904,4401475.292,26837922,11085,10852.007
"944","2022-08-01",2463507977,3196112,4323502.434,26846587,8665,10617.577
"945","2022-08-02",2466381734,2873757,4284664.431,26854512,7925,10510.007
"946","2022-08-03",2470624752,4243018,4225198.283,26864629,10117,10531.582
"947","2022-08-04",2476272517,5647765,4410276.717,26876109,11480,10522.433
"948","2022-08-05",2480022116,3749599,4351887.003,26887590,11481,10520.003
"949","2022-08-06",2484546837,4524721,4407410.854,26899798,12208,10423.004
"950","2022-08-07",2489458245,4911408,4163768.574,26911091,11293,10452.72
"951","2022-08-08",2492525286,3067041,4145329.856,26919911,8820,10474.86
"952","2022-08-09",2495254427,2729141,4124670.43,26927752,7841,10462.868
"953","2022-08-10",2499046254,3791827,4060214.565,26937707,9955,10439.724
"954","2022-08-11",2502730064,3683810,3779649.571,26949272,11565,10451.866
"955","2022-08-12",2506088696,3358632,3723797.144,26961110,11838,10502.861
"956","2022-08-13",2509474832,3386136,3561142.142,26973508,12398,10530.004
"957","2022-08-14",2513427869,3953037,3424231.999,26984628,11120,10505.294
"958","2022-08-15",2515918306,2490437,3341860.001,26993155,8527,10463.434
"959","2022-08-16",2518465637,2547331,3315887.137,26999537,6382,10255.008
"960","2022-08-17",2521854823,3389186,3258366.998,27009392,9855,10240.722
"961","2022-08-18",2525553006,3698183,3260420.291,27020436,11044,10166.289
"962","2022-08-19",2528982430,3429424,3270533.42,27031062,10626,9993.148
"963","2022-08-20",2532439915,3457485,3280726.142,27043233,12171,9960.724
"964","2022-08-21",2536013956,3574041,3226583.856,27052694,9461,9723.723
"965","2022-08-22",2538690835,2676879,3253218.434,27060452,7758,9613.86
"966","2022-08-23",2541144343,2453508,3239815.149,27067216,6764,9668.438
"967","2022-08-24",2544411798,3267455,3222425.001,27076334,9118,9563.144
"968","2022-08-25",2547582112,3170314,3147015.141,27086323,9989,9412.431
"969","2022-08-26",2550524414,2942302,3077426.282,27096756,10433,9384.86
"970","2022-08-27",2552691444,2167030,2893075.565,27106761,10005,9075.434
"971","2022-08-28",2556231020,3539576,2888151.996,27116686,9925,9141.725
"972","2022-08-29",2558429655,2198635,2819831.428,27123688,7002,9033.722
"973","2022-08-30",2560446687,2017032,2757477.712,27130266,6578,9007.151
"974","2022-08-31",2563231076,2784389,2688468.276,27138571,8305,8891.007
"975","2022-09-01",2565948156,2717080,2623720.573,27147928,9357,8800.722
"976","2022-09-02",2568426857,2478701,2557491.856,27157349,9421,8656.147
"977","2022-09-03",2570871021,2444164,2597082.43,27167127,9778,8623.72
"978","2022-09-04",2573202295,2331274,2424467.86,27175190,8063,8357.724
"979","2022-09-05",2575062717,1860422,2376151.712,27181729,6539,8291.579
"980","2022-09-06",2576835658,1772941,2341281.581,27187574,5845,8186.865
"981","2022-09-07",2579033915,2198257,2257548.435,27193591,6017,7860.004
"982","2022-09-08",2581446553,2412638,2214056.717,27201248,7657,7617.145
"983","2022-09-09",2583095888,1649335,2095575.862,27209153,7905,7400.578
"984","2022-09-10",2584767711,1671823,1985241.429,27217082,7929,7136.433
"985","2022-09-11",2587580006,2812295,2053958.711,27223766,6684,6939.432
"986","2022-09-12",2589158241,1578235,2013646.279,27228985,5219,6750.861
"987","2022-09-13",2590917571,1759330,2011701.856,27233733,4748,6594.142
"988","2022-09-14",2593346469,2428898,2044650.57,27239867,6134,6610.859
"989","2022-09-15",2595449201,2102732,2000378.284,27246942,7075,6527.721
"990","2022-09-16",2597278637,1829436,2026107.004,27254845,7903,6527.431
"991","2022-09-17",2599141137,1862500,2053346.575,27263224,8379,6591.722
"992","2022-09-18",2601630508,2489371,2007214.575,27268764,5540,6428.287
"993","2022-09-19",2603129264,1498756,1995860.423,27273085,4321,6300.007
"994","2022-09-20",2604652373,1523109,1962114.573,27277311,4226,6225.437
"995","2022-09-21",2606716275,2063902,1909972.283,27282753,5442,6126.581
"996","2022-09-22",2608723410,2007135,1896315.575,27289444,6691,6071.723
"997","2022-09-23",2610757552,2034142,1925559.284,27296598,7154,5964.721
"998","2022-09-24",2612884147,2126595,1963287.147,27304884,8286,5951.435
"999","2022-09-25",2614643247,1759100,1858962.726,27310037,5153,5896.149
"1000","2022-09-26",2616169313,1526066,1862864.149,27314571,4534,5926.575
"1001","2022-09-27",2617714515,1545202,1866020.289,27319478,4907,6023.863
"1002","2022-09-28",2620266451,2551936,1935739.433,27325086,5608,6047.575
"1003","2022-09-29",2622420573,2154122,1956737.578,27331666,6580,6031.718
"1004","2022-09-30",2624768502,2347929,2001564.288,27340608,8942,6287.147
"1005","2022-10-01",2627067612,2299110,2026209.288,27347999,7391,6159.292
"1006","2022-10-02",2628711097,1643485,2009692.862,27353256,5257,6174.149
"1007","2022-10-03",2630066626,1355529,1985330.434,27358238,4982,6238.147
"1008","2022-10-04",2631417081,1350455,1957509.429,27363177,4939,6242.719
"1009","2022-10-05",2634095877,2678796,1975632.284,27370104,6927,6431.149
"1010","2022-10-06",2636534439,2438562,2016266.577,27377550,7446,6554.868
"1011","2022-10-07",2639067213,2532774,2042673.006,27386274,8724,6523.716
"1012","2022-10-08",2641540630,2473417,2067574.008,27395537,9263,6791.148
"1013","2022-10-09",2643255764,1715134,2077809.581,27400792,5255,6790.861
"1014","2022-10-10",2644665641,1409877,2085573.579,27405401,4609,6737.575
"1015","2022-10-11",2646592714,1927073,2167947.582,27412380,6979,7029.002
"1016","2022-10-12",2649274276,2681562,2168342.721,27419140,6760,7005.146
"1017","2022-10-13",2651622115,2347839,2155382.292,27426435,7295,6983.57
"1018","2022-10-14",2653799743,2177628,2104647.15,27434205,7770,6847.285
"1019","2022-10-15",2656172004,2372261,2090196.287,27443853,9648,6902.289
"1020","2022-10-16",2657791818,1619814,2076579.144,27448509,4656,6816.72
"1021","2022-10-17",2659218055,1426237,2078916.286,27452484,3975,6726.146
"1022","2022-10-18",2660927965,1709910,2047893.003,27459442,6958,6723.149
"1023","2022-10-19",2663358406,2430441,2012018.574,27467255,7813,6873.573
"1024","2022-10-20",2665406755,2048349,1969234.287,27474972,7717,6933.859
"1025","2022-10-21",2667087528,1680773,1898254.997,27480355,5383,6592.862
"1026","2022-10-22",2669642445,2554917,1924348.716,27495371,15016,7359.725
"1027","2022-10-23",2670845503,1203058,1864812.144,27499379,4008,7267.149
"1028","2022-10-24",2672165450,1319947,1849627.857,27504062,4683,7368.293
"1029","2022-10-25",2673566319,1400869,1805479.146,27509708,5646,7180.859
"1030","2022-10-26",2675456998,1890679,1728370.289,27516091,6383,6976.577
"1031","2022-10-27",2676981106,1524108,1653478.722,27521230,5139,6608.288
"1032","2022-10-28",2679605644,2624538,1788302.29,27538601,17371,8320.861
"1033","2022-10-29",2681082616,1476972,1634310.151,27544494,5893,7017.571
"1034","2022-10-30",2682142587,1059971,1613869.149,27548814,4320,7062.147
"1035","2022-10-31",2683415663,1273076,1607173.29,27553391,4577,7047.005
"1036","2022-11-01",2684640666,1225003,1582049.568,27558269,4878,6937.292
"1037","2022-11-02",2686028333,1388055,1510242.432,27568385,10116,7470.581
"1038","2022-11-03",2687182529,1154196,1457401.576,27573169,4784,7419.864
"1039","2022-11-04",2689751932,2569403,1449525.15,27587096,13927,6927.863
"1040","2022-11-05",2691239680,1487748,1451064.576,27592966,5870,6924.574
"1041","2022-11-06",2692354470,1114790,1458895.858,27596967,4001,6879.006
"1042","2022-11-07",2693838979,1484509,1489100.568,27601447,4480,6865.146
"1043","2022-11-08",2694785087,946108,1449258.425,27606075,4628,6829.43
"1044","2022-11-09",2696381636,1596549,1479043.29,27611098,5023,6101.863
"1045","2022-11-10",2697797944,1416308,1516487.851,27614896,3798,5961.004
"1046","2022-11-11",2700599386,2801442,1549636.28,27628604,13708,5929.719
"1047","2022-11-12",2702052295,1452909,1544659.285,27633882,5278,5845.144
"1048","2022-11-13",2703233380,1181085,1554130,27637420,3538,5779.007
"1049","2022-11-14",2704869326,1635946,1575763.857,27641598,4178,5735.866
"1050","2022-11-15",2706191732,1325402,1629265.431,27646155,4557,5725.725
"1051","2022-11-16",2707867589,1675857,1641278.429,27651298,5143,5742.864
"1052","2022-11-17",2708950999,1083410,1593721.575,27654897,3599,5714.433
"1053","2022-11-18",2711844496,2893497,1606872.291,27668400,13503,5685.149
"1054","2022-11-19",2713472728,1628232,1631918.436,27673954,5554,5724.578
"1055","2022-11-20",2714933284,1460556,1671842.854,27677554,3600,5733.433
"1056","2022-11-21",2716501073,1567789,1662106.147,27682033,4479,5776.43
"1057","2022-11-22",2717940753,1439680,1678431.568,27686816,4783,5808.715
"1058","2022-11-23",2719637279,1696526,1681384.286,27691629,4813,5761.577
"1059","2022-11-24",2720862121,1224842,1701588.859,27695865,4236,5852.575
"1060","2022-11-25",2724298357,3436236,1779122.998,27711479,15614,6154.143
"1061","2022-11-26",2726162701,1864344,1812853.283,27717797,6318,6263.291
"1062","2022-11-27",2727798007,1635306,1837817.573,27721132,3335,6225.432
"1063","2022-11-28",2729468106,1670099,1852433.29,27725743,4611,6244.29
"1064","2022-11-29",2730997651,1529545,1865271.142,27730869,5126,6293.294
"1065","2022-11-30",2733074799,2077148,1919645.712,27736356,5487,6389.578
"1066","2022-12-01",2734998135,1923336,2019430.571,27741348,4992,6497.578
"1067","2022-12-02",2738086677,3088542,1969760.001,27753514,12166,6005.006
"1068","2022-12-03",2740063868,1977191,1985881.001,27760045,6531,6035.437
"1069","2022-12-04",2741799965,1736097,2000279.719,27764053,4008,6131.576
"1070","2022-12-05",2743647223,1847258,2025588.148,27769510,5457,6252.438
"1071","2022-12-06",2745241471,1594248,2034831.429,27774741,5231,6267.438
"1072","2022-12-07",2747690298,2448827,2087928.425,27781209,6468,6407.577
"1073","2022-12-08",2749824037,2133739,2117986.002,27787380,6171,6576.009
"1074","2022-12-09",2755539907,5715870,2493318.568,27805529,18149,7430.721
"1075","2022-12-10",2759589831,4049924,2789423.291,27812918,7389,7553.294
"1076","2022-12-11",2764348800,4758969,3221262.145,27817498,4580,7635.01
"1077","2022-12-12",2769992998,5644198,3763682.144,27823976,6478,7780.865
"1078","2022-12-13",2775821424,5828426,4368564.711,27830897,6921,8022.293
"1079","2022-12-14",2783171254,7349830,5068707.993,27838555,7658,8192.296
"1080","2022-12-15",2792271292,9100038,6063893.566,27845063,6508,8240.441
"1081","2022-12-16",2805570131,13298839,7147174.867,27863716,18653,8312.433
"1082","2022-12-17",2820251656,14681525,8665975.008,27872840,9124,8560.286
"1083","2022-12-18",2838580097,18328441,10604470.999,27879194,6354,8813.718
"1084","2022-12-19",2860939414,22359317,12992345.141,27887354,8160,9054.003
"1085","2022-12-20",2886339715,25400301,15788327.291,27896155,8801,9322.571
"1086","2022-12-21",2914344345,28004630,18739013.003,27905336,9181,9540.147
"1087","2022-12-22",2944329793,29985448,21722643.001,27915044,9708,9997.288
"1088","2022-12-23",2973695006,29365213,24017839.288,27937747,22703,10575.861
"1089","2022-12-24",2998371187,24676181,25445647.287,27950332,12585,11070.29
"1090","2022-12-25",3018934887,20563700,25764969.996,27959543,9211,11478.433
"1091","2022-12-26",3038861311,19926424,25417413.862,27972740,13197,12198.003
"1092","2022-12-27",3057837366,18976055,24499664.431,27983877,11137,12531.723
"1093","2022-12-28",3073165872,15328506,22688789.575,27996541,12664,13029.289
"1094","2022-12-29",3086808187,13642315,20354056.29,28012195,15654,13878.719
"1095","2022-12-30",3099780463,12972276,18012208.146,28038702,26507,14422.147
"1096","2022-12-31",3110030658,10250195,15951353.002,28058830,20128,15499.716
"1097","2023-01-01",3118063944,8033286,14161293.86,28079777,20947,17176.283
"1098","2023-01-02",3124407601,6343657,12220898.577,28103903,24126,18737.575
"1099","2023-01-03",3130890669,6483068,10436186.147,28127107,23204,20461.43
"1100","2023-01-04",3137299212,6408543,9161905.716,28151189,24082,22092.575
"1101","2023-01-05",3142992042,5692830,8026264.999,28175535,24346,23334.288
"1102","2023-01-06",3150128263,7136221,7192542.858,28208121,32586,24202.718
"1103","2023-01-07",3154732761,4604498,6386014.713,28229389,21268,24365.577
"1104","2023-01-08",3158551154,3818393,5783887.145,28249882,20493,24300.718
"1105","2023-01-09",3161398680,2847526,5284439.86,28272214,22332,24044.43
"1106","2023-01-10",3163855549,2456869,4709268.568,28291915,19701,23544.004
"1107","2023-01-11",3166582533,2726984,4183331.567,28311871,19956,22954.572
"1108","2023-01-12",3169088089,2505556,3728006.706,28328087,16216,21793.146
"1109","2023-01-13",3172938904,3850815,3258663.001,28361106,33019,21855
"1110","2023-01-14",3174921662,1982758,2884128.71,28377042,15936,21093.293
"1111","2023-01-15",3176510729,1589067,2565653.571,28391965,14923,20297.575
"1112","2023-01-16",3177896656,1385927,2356853.719,28405598,13633,19054.866
"1113","2023-01-17",3179300794,1404138,2206463.568,28417574,11976,17951.293
"1114","2023-01-18",3180701665,1400871,2017018.855,28429039,11465,16738.291
"1115","2023-01-19",3181922484,1220819,1833485.009,28440094,11055,16001.002
"1116","2023-01-20",3184251696,2329212,1616113.144,28465799,25705,14956.153
"1117","2023-01-21",3185397299,1145603,1496519.573,28477999,12200,14422.439
"1118","2023-01-22",3186256322,859023,1392227.571,28486356,8357,13484.437
"1119","2023-01-23",3186935670,679348,1291287.722,28495417,9061,12831.289
"1120","2023-01-24",3187638464,702794,1191095.714,28500007,4590,11776.144
"1121","2023-01-25",3188504191,865727,1114646.569,28504650,4643,10801.581
"1122","2023-01-26",3189281459,777268,1051282.144,28518348,13698,11179.147
"1123","2023-01-27",3191200692,1919233,992713.714,28538031,19683,10318.859
"1124","2023-01-28",3191983797,783105,940928.288,28543274,5243,9325.003
"1125","2023-01-29",3192686571,702774,918607.002,28547148,3874,8684.575
"1126","2023-01-30",3193214918,528347,897035.429,28551504,4356,8012.433
"1127","2023-01-31",3193827359,612441,884127.86,28555600,4096,7941.862
"1128","2023-02-01",3194612109,784750,872559.719,28560468,4868,7974.007
"1129","2023-02-02",3195205342,593233,846268.998,28579386,18918,8719.718
"1130","2023-02-03",3197097631,1892289,842419.86,28597466,18080,8490.719
"1131","2023-02-04",3197830580,732949,835254.714,28602045,4579,8395.866
"1132","2023-02-05",3198397001,566421,815775.714,28607112,5067,8566.294
"1133","2023-02-06",3198871757,475252,808172.858,28610391,3279,8412.432
"1134","2023-02-07",3199444792,573035,802561.285,28613748,3357,8306.864
"1135","2023-02-08",3200102977,658185,784480.569,28617254,3510,8112.859
"1136","2023-02-09",3200708045,605068,786171.289,28624393,7139,6430.15
"1137","2023-02-10",3202418298,1710253,760166.144,28641287,16894,6260.72
"1138","2023-02-11",3203107056,688758,753853.147,28645347,4060,6186.576
"1139","2023-02-12",3203557930,454426,718058.003,28648764,3417,5950.859
"1140","2023-02-13",3203981463,423533,730465.425,28651463,2699,5868.007
"1141","2023-02-14",3204512902,531439,724523.143,28654764,3301,5860.005
"1142","2023-02-15",3205183714,670812,726326.999,28658475,3711,5888.719
"1143","2023-02-16",3205709783,526069,715041.425,28662119,3644,5389.435
"1144","2023-02-17",3207185928,1476145,681597.429,28676828,14709,5077.289
"1145","2023-02-18",3207846860,660932,677622.283,28680768,3940,5060.144
"1146","2023-02-19",3208424511,577651,695225.857,28684445,3677,5097.29
"1147","2023-02-20",3208837173,412662,693672.857,28686935,2490,5067.429
"1148","2023-02-21",3209316974,479801,686296.001,28689953,3018,5027.003
"1149","2023-02-22",3209870968,553994,669607.717,28692891,2938,4916.576
"1150","2023-02-23",3210399672,528704,669984.146,28695788,2897,4809.86
"1151","2023-02-24",3210843904,444232,522568.003,28699433,3645,3229.286
"1152","2023-02-25",3212488235,1644331,663053.573,28713782,14349,4716.291
"1153","2023-02-26",3213118194,629959,670526.143,28717147,3365,4671.719
"1154","2023-02-27",3213523109,404915,669419.437,28719527,2380,4656.005
"1155","2023-02-28",3213995671,472562,668385.289,28722590,3063,4662.438
"1156","2023-03-01",3214559625,563954,669808.15,28725471,2881,4654.289
"1157","2023-03-02",3215101417,541792,671677.865,28728206,2735,4631.149
"1158","2023-03-03",3215546285,444868,671768.724,28731051,2845,4516.862
"1159","2023-03-04",3216879240,1332955,627286.442,28743662,12611,4268.576
"1160","2023-03-05",3217514502,635262,628044.013,28746296,2634,4164.143
"1161","2023-03-06",3217930916,416414,629686.717,28748788,2492,4180.142
"1162","2023-03-07",3218332652,401736,619568.72,28751713,2925,4160.43
"1163","2023-03-08",3218786585,453933,603851.431,28754298,2585,4118.147
"1164","2023-03-09",3219201156,414571,585676.997,28756868,2570,4094.572
"1165","2023-03-10",3219560671,359515,573483.715,28759044,2176,3999.002
"1166","2023-03-11",3220755119,1194448,553697.005,28770200,11156,3791.145
"1167","2023-03-12",3221282231,527112,538247.008,28772756,2556,3780.006
"1168","2023-03-13",3221878989,596758,564010.436,28776227,3471,3919.86
"1169","2023-03-14",3222280784,401795,564018.863,28779507,3280,3970.573
"1170","2023-03-15",3222728950,448166,563195.01,28782367,2860,4009.858
"1171","2023-03-16",3223112025,383075,558695.576,28784498,2131,3947.144
"1172","2023-03-17",3223501418,389393,562963.865,28787010,2512,3995.143
"1173","2023-03-18",3224504852,1003434,535676.147,28797520,10510,3902.858
"1174","2023-03-19",3225015353,510501,533303.141,28800190,2670,3919.144
"1175","2023-03-20",3225576187,560837,528171.429,28803534,3344,3901.005
"1176","2023-03-21",3225947301,371114,523788.569,28806835,3301,3904.005
"1177","2023-03-22",3226305263,357962,510902.286,28809406,2571,3862.719
"1178","2023-03-23",3226676910,371647,509269.715,28811895,2489,3913.863
"1179","2023-03-24",3227023275,346365,503122.857,28814162,2267,3878.864
"1180","2023-03-25",3228054389,1031114,507077.141,28825099,10937,3939.862
"1181","2023-03-26",3228565881,511492,507218.714,28827713,2614,3931.861
"1182","2023-03-27",3228878981,313103,471822.998,28830228,2515,3813.432
"1183","2023-03-28",3229215144,336163,466835.144,28819026,2878,3740.147
"1184","2023-03-29",3229559194,344050,464847.713,28821085,2059,3679.861
"1185","2023-03-30",3230072529,513335,485088.863,28824608,3523,3827.573
"1186","2023-03-31",3230308817,236300,469364.856,28826518,1910,3776.574
"1187","2023-04-01",3231359329,1050512,472136.428,28837496,10986,3783.287
"1188","2023-04-02",3231720746,361417,450697.15,28839166,1670,3648.719
"1189","2023-04-03",3232258148,537402,482739.86,28841487,2321,3621.003
"1190","2023-04-04",3232516517,258373,471625.859,28843974,2491,3565.578
"1191","2023-04-05",3232828721,312204,467077.572,28845459,1569,3461.291
"1192","2023-04-06",3233121009,292288,435499.429,28847088,1629,3225.151
"1193","2023-04-07",3233394723,273714,440844.282,28848768,1680,3192.291
"1194","2023-04-08",3233635065,240342,325105.715,28850084,1316,1810.859
"1195","2023-04-09",3234673477,1038412,421819.282,28861479,11395,3200.143
"1196","2023-04-10",3235160221,486744,414582.431,28863523,2044,3160.577
"1197","2023-04-11",3235390021,229800,410500.572,28864994,1471,3014.86
"1198","2023-04-12",3235639687,249666,401566.569,28866365,1371,2986.576
"1199","2023-04-13",3235975524,335837,407787.856,28868141,1776,3007.573
"1200","2023-04-14",3236358674,383150,423421.569,28870236,2095,3066.861
"1201","2023-04-15",3236642918,284244,429693.289,28871631,1395,3078.144
"1202","2023-04-16",3237643655,1000757,424296.855,28881127,9496,2806.865
"1203","2023-04-17",3238183887,540232,431955.145,28883162,2035,2805.576
"1204","2023-04-18",3238459584,275697,438511.855,28884814,1652,2831.431
"1205","2023-04-19",3238791392,331808,450246.426,28886700,1886,2905.001
"1206","2023-04-20",3239109679,318287,447739.286,28888027,1327,2840.859
"1207","2023-04-21",3239469456,359777,444400.289,28890426,2399,2884.283
"1208","2023-04-22",3239753130,283674,444318.857,28891944,1518,2901.857
"1209","2023-04-23",3240752672,999542,444145.287,28900866,8922,2819.858
"1210","2023-04-24",3241310627,557955,446677.14,28903145,2279,2854.715
"1211","2023-04-25",3241546853,236226,441038.431,28904744,1599,2847.143
"1212","2023-04-26",3241853215,306362,437403.286,28906392,1648,2813.145
"1213","2023-04-27",3242133732,280517,432007.571,28907509,1117,2783.144
"1214","2023-04-28",3242459139,325407,427097.57,28910154,2645,2818.287
"1215","2023-04-29",3242725919,266780,424684.14,28910989,835,2720.713
"1216","2023-04-30",3243619765,893981,409516.429,28918660,7671,2542.002
"1217","2023-05-01",3244098962,481861,398638.283,28920109,1449,2423.429
"1218","2023-05-02",3244299949,200987,393699.288,28921032,923,2326.857
"1219","2023-05-03",3244547776,247827,385337.141,28922442,1410,2292.86
"1220","2023-05-04",3244851517,303741,388654.859,28923551,1109,2291.717
"1221","2023-05-05",3245159625,308108,386183.574,28924708,1157,2076.713
"1222","2023-05-06",3245344834,185209,368912.428,28925859,1151,2090.429
"1223","2023-05-07",3246092520,747686,346374.143,28934549,8694,2220.142
"1224","2023-05-08",3246333273,240753,292506.428,28935441,892,1848.287
"1225","2023-05-09",3246371158,37885,239813.574,28935762,321,1735.435
"1226","2023-05-10",3246371158,0,198610.144,28935762,0,1493.149
